Row,Column,Dissimilar_Column
1,5,EEID
1,6,EEID
1,12,EEID
1,75,EEID
2,6,EEID
2,12,EEID
2,20,EEID
2,25,EEID
2,39,EEID
2,52,EEID
2,56,EEID
2,59,EEID
2,68,EEID
2,70,EEID
2,80,EEID
2,85,EEID
3,5,EEID
3,6,EEID
3,12,EEID
3,56,EEID
3,80,EEID
4,6,EEID
4,12,EEID
5,1,EEID
5,3,EEID
5,8,EEID
5,16,EEID
5,39,EEID
5,47,EEID
5,49,EEID
5,52,EEID
5,55,EEID
5,59,EEID
5,60,EEID
5,70,EEID
5,71,EEID
5,79,EEID
6,1,EEID
6,2,EEID
6,3,EEID
6,4,EEID
6,7,EEID
6,8,EEID
6,10,EEID
6,11,EEID
6,13,EEID
6,14,EEID
6,15,EEID
6,16,EEID
6,17,EEID
6,18,EEID
6,19,EEID
6,20,EEID
6,21,EEID
6,22,EEID
6,23,EEID
6,24,EEID
6,25,EEID
6,26,EEID
6,27,EEID
6,28,EEID
6,30,EEID
6,31,EEID
6,32,EEID
6,33,EEID
6,34,EEID
6,35,EEID
6,36,EEID
6,37,EEID
6,38,EEID
6,39,EEID
6,40,EEID
6,41,EEID
6,42,EEID
6,44,EEID
6,46,EEID
6,47,EEID
6,48,EEID
6,49,EEID
6,50,EEID
6,51,EEID
6,52,EEID
6,54,EEID
6,55,EEID
6,56,EEID
6,57,EEID
6,59,EEID
6,60,EEID
6,61,EEID
6,62,EEID
6,63,EEID
6,64,EEID
6,65,EEID
6,66,EEID
6,67,EEID
6,68,EEID
6,69,EEID
6,70,EEID
6,71,EEID
6,72,EEID
6,73,EEID
6,74,EEID
6,75,EEID
6,76,EEID
6,78,EEID
6,79,EEID
6,80,EEID
6,81,EEID
6,82,EEID
6,83,EEID
6,85,EEID
7,6,EEID
8,5,EEID
8,6,EEID
8,12,EEID
8,20,EEID
8,32,EEID
8,56,EEID
8,77,EEID
8,80,EEID
9,39,EEID
9,52,EEID
9,59,EEID
10,6,EEID
11,6,EEID
12,1,EEID
12,2,EEID
12,3,EEID
12,4,EEID
12,8,EEID
12,16,EEID
12,17,EEID
12,19,EEID
12,21,EEID
12,22,EEID
12,24,EEID
12,25,EEID
12,27,EEID
12,31,EEID
12,34,EEID
12,39,EEID
12,40,EEID
12,42,EEID
12,44,EEID
12,47,EEID
12,49,EEID
12,52,EEID
12,54,EEID
12,55,EEID
12,56,EEID
12,57,EEID
12,59,EEID
12,60,EEID
12,61,EEID
12,63,EEID
12,65,EEID
12,70,EEID
12,71,EEID
12,72,EEID
12,73,EEID
12,74,EEID
12,76,EEID
12,79,EEID
12,80,EEID
12,82,EEID
13,6,EEID
13,39,EEID
13,56,EEID
13,59,EEID
13,80,EEID
14,6,EEID
14,25,EEID
14,39,EEID
14,52,EEID
14,56,EEID
14,59,EEID
14,68,EEID
14,70,EEID
14,71,EEID
14,80,EEID
15,6,EEID
15,39,EEID
15,52,EEID
15,59,EEID
15,80,EEID
16,5,EEID
16,6,EEID
16,12,EEID
17,6,EEID
17,12,EEID
17,56,EEID
17,59,EEID
17,80,EEID
18,6,EEID
18,59,EEID
19,6,EEID
19,12,EEID
20,2,EEID
20,6,EEID
20,8,EEID
20,46,EEID
20,49,EEID
20,51,EEID
20,57,EEID
20,61,EEID
20,64,EEID
20,65,EEID
20,66,EEID
20,67,EEID
20,70,EEID
20,71,EEID
20,75,EEID
20,78,EEID
21,6,EEID
21,12,EEID
22,6,EEID
22,12,EEID
22,39,EEID
22,56,EEID
22,59,EEID
22,68,EEID
22,70,EEID
22,80,EEID
22,85,EEID
23,6,EEID
24,6,EEID
24,12,EEID
25,2,EEID
25,6,EEID
25,12,EEID
25,14,EEID
25,34,EEID
26,6,EEID
27,6,EEID
27,12,EEID
28,6,EEID
29,59,EEID
29,71,EEID
30,6,EEID
31,6,EEID
31,12,EEID
31,56,EEID
31,80,EEID
31,85,EEID
32,6,EEID
32,8,EEID
32,39,EEID
32,59,EEID
33,6,EEID
33,39,EEID
33,56,EEID
33,59,EEID
33,70,EEID
33,80,EEID
34,6,EEID
34,12,EEID
34,25,EEID
34,39,EEID
34,42,EEID
34,46,EEID
34,52,EEID
34,56,EEID
34,59,EEID
34,68,EEID
34,70,EEID
34,71,EEID
34,75,EEID
34,78,EEID
34,80,EEID
34,85,EEID
35,6,EEID
35,39,EEID
35,52,EEID
35,56,EEID
35,59,EEID
35,80,EEID
35,85,EEID
36,6,EEID
37,6,EEID
38,6,EEID
39,2,EEID
39,5,EEID
39,6,EEID
39,9,EEID
39,12,EEID
39,13,EEID
39,14,EEID
39,15,EEID
39,22,EEID
39,32,EEID
39,33,EEID
39,34,EEID
39,35,EEID
39,41,EEID
39,43,EEID
39,45,EEID
39,46,EEID
39,48,EEID
39,51,EEID
39,58,EEID
39,61,EEID
39,64,EEID
39,66,EEID
39,67,EEID
39,71,EEID
39,75,EEID
39,77,EEID
39,78,EEID
39,84,EEID
40,6,EEID
40,12,EEID
40,75,EEID
41,6,EEID
41,39,EEID
41,56,EEID
41,59,EEID
41,80,EEID
42,6,EEID
42,12,EEID
42,34,EEID
43,39,EEID
43,59,EEID
44,6,EEID
44,12,EEID
44,56,EEID
44,80,EEID
45,39,EEID
45,52,EEID
45,56,EEID
45,59,EEID
45,80,EEID
46,6,EEID
46,20,EEID
46,34,EEID
46,39,EEID
46,52,EEID
46,55,EEID
46,56,EEID
46,59,EEID
46,60,EEID
46,79,EEID
46,85,EEID
47,5,EEID
47,6,EEID
47,12,EEID
48,6,EEID
48,39,EEID
48,52,EEID
48,56,EEID
48,59,EEID
48,80,EEID
49,5,EEID
49,6,EEID
49,12,EEID
49,20,EEID
49,56,EEID
49,80,EEID
49,85,EEID
50,6,EEID
51,6,EEID
51,20,EEID
51,39,EEID
51,52,EEID
51,55,EEID
51,56,EEID
51,59,EEID
51,60,EEID
51,79,EEID
51,85,EEID
52,2,EEID
52,5,EEID
52,6,EEID
52,9,EEID
52,12,EEID
52,14,EEID
52,15,EEID
52,34,EEID
52,35,EEID
52,45,EEID
52,46,EEID
52,48,EEID
52,51,EEID
52,58,EEID
52,61,EEID
52,64,EEID
52,67,EEID
52,70,EEID
52,75,EEID
52,77,EEID
52,78,EEID
52,84,EEID
53,59,EEID
54,6,EEID
54,12,EEID
54,75,EEID
54,80,EEID
55,5,EEID
55,6,EEID
55,12,EEID
55,46,EEID
55,51,EEID
55,58,EEID
55,64,EEID
55,75,EEID
55,77,EEID
55,78,EEID
56,2,EEID
56,3,EEID
56,6,EEID
56,8,EEID
56,12,EEID
56,13,EEID
56,14,EEID
56,17,EEID
56,22,EEID
56,31,EEID
56,33,EEID
56,34,EEID
56,35,EEID
56,41,EEID
56,44,EEID
56,45,EEID
56,46,EEID
56,48,EEID
56,49,EEID
56,51,EEID
56,57,EEID
56,58,EEID
56,59,EEID
56,61,EEID
56,64,EEID
56,65,EEID
56,66,EEID
56,67,EEID
56,70,EEID
56,71,EEID
56,74,EEID
56,75,EEID
56,78,EEID
57,6,EEID
57,12,EEID
57,20,EEID
57,56,EEID
58,39,EEID
58,52,EEID
58,55,EEID
58,56,EEID
58,59,EEID
58,60,EEID
58,80,EEID
59,2,EEID
59,5,EEID
59,6,EEID
59,9,EEID
59,12,EEID
59,13,EEID
59,14,EEID
59,15,EEID
59,17,EEID
59,18,EEID
59,22,EEID
59,29,EEID
59,32,EEID
59,33,EEID
59,34,EEID
59,35,EEID
59,41,EEID
59,43,EEID
59,45,EEID
59,46,EEID
59,48,EEID
59,51,EEID
59,53,EEID
59,56,EEID
59,58,EEID
59,61,EEID
59,64,EEID
59,65,EEID
59,66,EEID
59,67,EEID
59,75,EEID
59,76,EEID
59,77,EEID
59,78,EEID
59,81,EEID
59,83,EEID
59,84,EEID
60,5,EEID
60,6,EEID
60,12,EEID
60,46,EEID
60,51,EEID
60,58,EEID
60,64,EEID
60,67,EEID
60,75,EEID
60,77,EEID
60,78,EEID
60,84,EEID
61,6,EEID
61,12,EEID
61,20,EEID
61,39,EEID
61,52,EEID
61,56,EEID
61,59,EEID
61,68,EEID
61,80,EEID
61,85,EEID
62,6,EEID
63,6,EEID
63,12,EEID
63,78,EEID
63,80,EEID
64,6,EEID
64,20,EEID
64,39,EEID
64,52,EEID
64,55,EEID
64,56,EEID
64,59,EEID
64,60,EEID
64,79,EEID
64,85,EEID
65,6,EEID
65,12,EEID
65,20,EEID
65,56,EEID
65,59,EEID
65,68,EEID
65,80,EEID
65,85,EEID
66,6,EEID
66,20,EEID
66,39,EEID
66,56,EEID
66,59,EEID
66,85,EEID
67,6,EEID
67,20,EEID
67,39,EEID
67,52,EEID
67,56,EEID
67,59,EEID
67,60,EEID
67,68,EEID
67,80,EEID
67,85,EEID
68,2,EEID
68,6,EEID
68,14,EEID
68,22,EEID
68,34,EEID
68,61,EEID
68,65,EEID
68,67,EEID
69,6,EEID
69,80,EEID
70,2,EEID
70,5,EEID
70,6,EEID
70,12,EEID
70,14,EEID
70,20,EEID
70,22,EEID
70,33,EEID
70,34,EEID
70,52,EEID
70,56,EEID
70,77,EEID
70,80,EEID
71,5,EEID
71,6,EEID
71,12,EEID
71,14,EEID
71,20,EEID
71,29,EEID
71,34,EEID
71,39,EEID
71,56,EEID
71,77,EEID
71,79,EEID
71,80,EEID
71,85,EEID
72,6,EEID
72,12,EEID
73,6,EEID
73,12,EEID
74,6,EEID
74,12,EEID
74,56,EEID
74,80,EEID
75,1,EEID
75,6,EEID
75,20,EEID
75,34,EEID
75,39,EEID
75,40,EEID
75,52,EEID
75,54,EEID
75,55,EEID
75,56,EEID
75,59,EEID
75,60,EEID
75,79,EEID
75,80,EEID
75,85,EEID
76,6,EEID
76,12,EEID
76,59,EEID
77,8,EEID
77,39,EEID
77,52,EEID
77,55,EEID
77,59,EEID
77,60,EEID
77,70,EEID
77,71,EEID
77,80,EEID
78,6,EEID
78,20,EEID
78,34,EEID
78,39,EEID
78,52,EEID
78,55,EEID
78,56,EEID
78,59,EEID
78,60,EEID
78,63,EEID
78,79,EEID
78,85,EEID
79,5,EEID
79,6,EEID
79,12,EEID
79,46,EEID
79,51,EEID
79,64,EEID
79,71,EEID
79,75,EEID
79,78,EEID
79,80,EEID
80,2,EEID
80,3,EEID
80,6,EEID
80,8,EEID
80,12,EEID
80,13,EEID
80,14,EEID
80,15,EEID
80,17,EEID
80,22,EEID
80,31,EEID
80,33,EEID
80,34,EEID
80,35,EEID
80,41,EEID
80,44,EEID
80,45,EEID
80,48,EEID
80,49,EEID
80,54,EEID
80,58,EEID
80,61,EEID
80,63,EEID
80,65,EEID
80,67,EEID
80,69,EEID
80,70,EEID
80,71,EEID
80,74,EEID
80,75,EEID
80,77,EEID
80,79,EEID
80,83,EEID
80,84,EEID
81,6,EEID
81,59,EEID
82,6,EEID
82,12,EEID
83,6,EEID
83,59,EEID
83,80,EEID
84,39,EEID
84,52,EEID
84,59,EEID
84,60,EEID
84,80,EEID
85,2,EEID
85,6,EEID
85,22,EEID
85,31,EEID
85,34,EEID
85,35,EEID
85,46,EEID
85,49,EEID
85,51,EEID
85,61,EEID
85,64,EEID
85,65,EEID
85,66,EEID
85,67,EEID
85,71,EEID
85,75,EEID
85,78,EEID
1,2,Full Name
1,3,Full Name
1,5,Full Name
1,6,Full Name
1,7,Full Name
1,11,Full Name
1,12,Full Name
1,13,Full Name
1,14,Full Name
1,15,Full Name
1,16,Full Name
1,18,Full Name
1,19,Full Name
1,20,Full Name
1,21,Full Name
1,22,Full Name
1,24,Full Name
1,26,Full Name
1,27,Full Name
1,28,Full Name
1,29,Full Name
1,30,Full Name
1,31,Full Name
1,33,Full Name
1,34,Full Name
1,35,Full Name
1,36,Full Name
1,38,Full Name
1,40,Full Name
1,42,Full Name
1,44,Full Name
1,46,Full Name
1,47,Full Name
1,50,Full Name
1,51,Full Name
1,54,Full Name
1,56,Full Name
1,58,Full Name
1,60,Full Name
1,62,Full Name
1,63,Full Name
1,64,Full Name
1,65,Full Name
1,66,Full Name
1,68,Full Name
1,69,Full Name
1,70,Full Name
1,71,Full Name
1,72,Full Name
1,73,Full Name
1,74,Full Name
1,75,Full Name
1,76,Full Name
1,77,Full Name
1,78,Full Name
1,79,Full Name
1,81,Full Name
1,85,Full Name
2,1,Full Name
2,4,Full Name
2,6,Full Name
2,11,Full Name
2,13,Full Name
2,14,Full Name
2,17,Full Name
2,18,Full Name
2,20,Full Name
2,23,Full Name
2,25,Full Name
2,32,Full Name
2,44,Full Name
2,45,Full Name
2,54,Full Name
2,57,Full Name
2,61,Full Name
2,70,Full Name
2,73,Full Name
2,75,Full Name
2,79,Full Name
2,82,Full Name
2,84,Full Name
3,1,Full Name
3,4,Full Name
3,5,Full Name
3,6,Full Name
3,11,Full Name
3,13,Full Name
3,14,Full Name
3,15,Full Name
3,17,Full Name
3,18,Full Name
3,20,Full Name
3,21,Full Name
3,22,Full Name
3,23,Full Name
3,24,Full Name
3,25,Full Name
3,32,Full Name
3,33,Full Name
3,34,Full Name
3,35,Full Name
3,44,Full Name
3,45,Full Name
3,46,Full Name
3,48,Full Name
3,53,Full Name
3,54,Full Name
3,65,Full Name
3,69,Full Name
3,73,Full Name
3,79,Full Name
3,82,Full Name
3,85,Full Name
4,2,Full Name
4,3,Full Name
4,5,Full Name
4,6,Full Name
4,7,Full Name
4,11,Full Name
4,12,Full Name
4,13,Full Name
4,14,Full Name
4,15,Full Name
4,16,Full Name
4,18,Full Name
4,19,Full Name
4,20,Full Name
4,21,Full Name
4,22,Full Name
4,24,Full Name
4,26,Full Name
4,28,Full Name
4,29,Full Name
4,30,Full Name
4,32,Full Name
4,33,Full Name
4,34,Full Name
4,35,Full Name
4,36,Full Name
4,38,Full Name
4,41,Full Name
4,42,Full Name
4,44,Full Name
4,46,Full Name
4,47,Full Name
4,50,Full Name
4,51,Full Name
4,54,Full Name
4,55,Full Name
4,56,Full Name
4,58,Full Name
4,62,Full Name
4,63,Full Name
4,64,Full Name
4,65,Full Name
4,66,Full Name
4,67,Full Name
4,68,Full Name
4,69,Full Name
4,70,Full Name
4,71,Full Name
4,72,Full Name
4,73,Full Name
4,74,Full Name
4,75,Full Name
4,76,Full Name
4,77,Full Name
4,78,Full Name
4,79,Full Name
4,83,Full Name
4,85,Full Name
5,1,Full Name
5,3,Full Name
5,4,Full Name
5,6,Full Name
5,7,Full Name
5,8,Full Name
5,10,Full Name
5,11,Full Name
5,12,Full Name
5,13,Full Name
5,14,Full Name
5,15,Full Name
5,16,Full Name
5,17,Full Name
5,18,Full Name
5,19,Full Name
5,20,Full Name
5,21,Full Name
5,23,Full Name
5,24,Full Name
5,25,Full Name
5,27,Full Name
5,28,Full Name
5,29,Full Name
5,32,Full Name
5,34,Full Name
5,36,Full Name
5,38,Full Name
5,39,Full Name
5,41,Full Name
5,44,Full Name
5,45,Full Name
5,47,Full Name
5,48,Full Name
5,51,Full Name
5,53,Full Name
5,54,Full Name
5,55,Full Name
5,56,Full Name
5,57,Full Name
5,58,Full Name
5,59,Full Name
5,60,Full Name
5,61,Full Name
5,68,Full Name
5,69,Full Name
5,70,Full Name
5,71,Full Name
5,72,Full Name
5,73,Full Name
5,75,Full Name
5,76,Full Name
5,77,Full Name
5,79,Full Name
5,80,Full Name
5,81,Full Name
5,82,Full Name
5,84,Full Name
6,1,Full Name
6,2,Full Name
6,3,Full Name
6,4,Full Name
6,5,Full Name
6,7,Full Name
6,8,Full Name
6,9,Full Name
6,10,Full Name
6,11,Full Name
6,12,Full Name
6,13,Full Name
6,14,Full Name
6,17,Full Name
6,18,Full Name
6,19,Full Name
6,21,Full Name
6,22,Full Name
6,23,Full Name
6,24,Full Name
6,25,Full Name
6,26,Full Name
6,27,Full Name
6,28,Full Name
6,29,Full Name
6,30,Full Name
6,31,Full Name
6,32,Full Name
6,33,Full Name
6,34,Full Name
6,35,Full Name
6,36,Full Name
6,37,Full Name
6,38,Full Name
6,39,Full Name
6,40,Full Name
6,41,Full Name
6,42,Full Name
6,43,Full Name
6,44,Full Name
6,45,Full Name
6,46,Full Name
6,47,Full Name
6,48,Full Name
6,49,Full Name
6,51,Full Name
6,52,Full Name
6,53,Full Name
6,54,Full Name
6,55,Full Name
6,56,Full Name
6,57,Full Name
6,58,Full Name
6,59,Full Name
6,60,Full Name
6,61,Full Name
6,62,Full Name
6,64,Full Name
6,65,Full Name
6,66,Full Name
6,67,Full Name
6,68,Full Name
6,69,Full Name
6,70,Full Name
6,71,Full Name
6,73,Full Name
6,74,Full Name
6,75,Full Name
6,76,Full Name
6,77,Full Name
6,78,Full Name
6,79,Full Name
6,80,Full Name
6,81,Full Name
6,82,Full Name
6,83,Full Name
6,84,Full Name
6,85,Full Name
7,1,Full Name
7,4,Full Name
7,5,Full Name
7,6,Full Name
7,10,Full Name
7,11,Full Name
7,13,Full Name
7,15,Full Name
7,17,Full Name
7,18,Full Name
7,20,Full Name
7,22,Full Name
7,23,Full Name
7,24,Full Name
7,25,Full Name
7,27,Full Name
7,32,Full Name
7,33,Full Name
7,34,Full Name
7,35,Full Name
7,40,Full Name
7,42,Full Name
7,44,Full Name
7,45,Full Name
7,46,Full Name
7,51,Full Name
7,53,Full Name
7,54,Full Name
7,62,Full Name
7,65,Full Name
7,68,Full Name
7,69,Full Name
7,70,Full Name
7,73,Full Name
7,74,Full Name
7,75,Full Name
7,77,Full Name
7,79,Full Name
7,82,Full Name
7,83,Full Name
7,85,Full Name
8,5,Full Name
8,6,Full Name
8,11,Full Name
8,12,Full Name
8,13,Full Name
8,14,Full Name
8,15,Full Name
8,16,Full Name
8,18,Full Name
8,19,Full Name
8,20,Full Name
8,21,Full Name
8,22,Full Name
8,24,Full Name
8,28,Full Name
8,29,Full Name
8,30,Full Name
8,31,Full Name
8,32,Full Name
8,33,Full Name
8,34,Full Name
8,35,Full Name
8,36,Full Name
8,38,Full Name
8,42,Full Name
8,44,Full Name
8,46,Full Name
8,47,Full Name
8,50,Full Name
8,51,Full Name
8,54,Full Name
8,56,Full Name
8,58,Full Name
8,62,Full Name
8,63,Full Name
8,65,Full Name
8,68,Full Name
8,69,Full Name
8,70,Full Name
8,71,Full Name
8,72,Full Name
8,73,Full Name
8,74,Full Name
8,75,Full Name
8,77,Full Name
8,78,Full Name
8,79,Full Name
8,83,Full Name
8,85,Full Name
9,6,Full Name
9,11,Full Name
9,12,Full Name
9,14,Full Name
9,15,Full Name
9,18,Full Name
9,19,Full Name
9,20,Full Name
9,21,Full Name
9,28,Full Name
9,29,Full Name
9,33,Full Name
9,34,Full Name
9,36,Full Name
9,44,Full Name
9,47,Full Name
9,51,Full Name
9,54,Full Name
9,56,Full Name
9,58,Full Name
9,69,Full Name
9,70,Full Name
9,72,Full Name
9,73,Full Name
9,75,Full Name
9,77,Full Name
9,79,Full Name
9,85,Full Name
10,5,Full Name
10,6,Full Name
10,7,Full Name
10,11,Full Name
10,12,Full Name
10,13,Full Name
10,14,Full Name
10,15,Full Name
10,16,Full Name
10,18,Full Name
10,19,Full Name
10,20,Full Name
10,21,Full Name
10,22,Full Name
10,24,Full Name
10,26,Full Name
10,28,Full Name
10,29,Full Name
10,30,Full Name
10,33,Full Name
10,34,Full Name
10,35,Full Name
10,36,Full Name
10,38,Full Name
10,44,Full Name
10,46,Full Name
10,47,Full Name
10,50,Full Name
10,51,Full Name
10,54,Full Name
10,56,Full Name
10,58,Full Name
10,63,Full Name
10,64,Full Name
10,65,Full Name
10,66,Full Name
10,67,Full Name
10,68,Full Name
10,69,Full Name
10,70,Full Name
10,71,Full Name
10,72,Full Name
10,73,Full Name
10,74,Full Name
10,75,Full Name
10,77,Full Name
10,78,Full Name
10,79,Full Name
10,85,Full Name
11,1,Full Name
11,2,Full Name
11,3,Full Name
11,4,Full Name
11,5,Full Name
11,6,Full Name
11,7,Full Name
11,8,Full Name
11,9,Full Name
11,10,Full Name
11,12,Full Name
11,13,Full Name
11,15,Full Name
11,16,Full Name
11,17,Full Name
11,18,Full Name
11,20,Full Name
11,21,Full Name
11,22,Full Name
11,23,Full Name
11,24,Full Name
11,25,Full Name
11,29,Full Name
11,30,Full Name
11,31,Full Name
11,32,Full Name
11,33,Full Name
11,34,Full Name
11,35,Full Name
11,37,Full Name
11,38,Full Name
11,39,Full Name
11,40,Full Name
11,41,Full Name
11,42,Full Name
11,43,Full Name
11,44,Full Name
11,45,Full Name
11,46,Full Name
11,47,Full Name
11,48,Full Name
11,49,Full Name
11,50,Full Name
11,51,Full Name
11,52,Full Name
11,53,Full Name
11,54,Full Name
11,55,Full Name
11,57,Full Name
11,58,Full Name
11,59,Full Name
11,60,Full Name
11,61,Full Name
11,62,Full Name
11,63,Full Name
11,66,Full Name
11,67,Full Name
11,68,Full Name
11,69,Full Name
11,70,Full Name
11,71,Full Name
11,72,Full Name
11,73,Full Name
11,74,Full Name
11,75,Full Name
11,76,Full Name
11,77,Full Name
11,78,Full Name
11,80,Full Name
11,81,Full Name
11,82,Full Name
11,83,Full Name
11,84,Full Name
11,85,Full Name
12,1,Full Name
12,4,Full Name
12,5,Full Name
12,6,Full Name
12,8,Full Name
12,9,Full Name
12,10,Full Name
12,11,Full Name
12,13,Full Name
12,14,Full Name
12,17,Full Name
12,18,Full Name
12,21,Full Name
12,22,Full Name
12,23,Full Name
12,24,Full Name
12,25,Full Name
12,30,Full Name
12,31,Full Name
12,32,Full Name
12,35,Full Name
12,37,Full Name
12,38,Full Name
12,40,Full Name
12,41,Full Name
12,43,Full Name
12,44,Full Name
12,45,Full Name
12,46,Full Name
12,48,Full Name
12,49,Full Name
12,52,Full Name
12,53,Full Name
12,54,Full Name
12,55,Full Name
12,57,Full Name
12,59,Full Name
12,61,Full Name
12,62,Full Name
12,65,Full Name
12,67,Full Name
12,68,Full Name
12,72,Full Name
12,73,Full Name
12,74,Full Name
12,75,Full Name
12,79,Full Name
12,80,Full Name
12,82,Full Name
12,83,Full Name
12,84,Full Name
12,85,Full Name
13,1,Full Name
13,2,Full Name
13,3,Full Name
13,4,Full Name
13,5,Full Name
13,6,Full Name
13,7,Full Name
13,8,Full Name
13,10,Full Name
13,11,Full Name
13,12,Full Name
13,14,Full Name
13,15,Full Name
13,16,Full Name
13,17,Full Name
13,18,Full Name
13,19,Full Name
13,20,Full Name
13,21,Full Name
13,22,Full Name
13,23,Full Name
13,24,Full Name
13,25,Full Name
13,26,Full Name
13,27,Full Name
13,28,Full Name
13,29,Full Name
13,31,Full Name
13,33,Full Name
13,34,Full Name
13,35,Full Name
13,36,Full Name
13,37,Full Name
13,38,Full Name
13,41,Full Name
13,42,Full Name
13,44,Full Name
13,45,Full Name
13,47,Full Name
13,48,Full Name
13,49,Full Name
13,50,Full Name
13,51,Full Name
13,54,Full Name
13,55,Full Name
13,56,Full Name
13,57,Full Name
13,58,Full Name
13,59,Full Name
13,60,Full Name
13,61,Full Name
13,62,Full Name
13,63,Full Name
13,64,Full Name
13,69,Full Name
13,70,Full Name
13,71,Full Name
13,72,Full Name
13,73,Full Name
13,75,Full Name
13,76,Full Name
13,77,Full Name
13,79,Full Name
13,80,Full Name
13,81,Full Name
13,82,Full Name
13,83,Full Name
13,84,Full Name
13,85,Full Name
14,1,Full Name
14,2,Full Name
14,3,Full Name
14,4,Full Name
14,5,Full Name
14,6,Full Name
14,8,Full Name
14,9,Full Name
14,10,Full Name
14,12,Full Name
14,13,Full Name
14,15,Full Name
14,17,Full Name
14,18,Full Name
14,20,Full Name
14,21,Full Name
14,22,Full Name
14,23,Full Name
14,24,Full Name
14,25,Full Name
14,27,Full Name
14,29,Full Name
14,31,Full Name
14,32,Full Name
14,33,Full Name
14,34,Full Name
14,35,Full Name
14,37,Full Name
14,39,Full Name
14,40,Full Name
14,42,Full Name
14,43,Full Name
14,44,Full Name
14,45,Full Name
14,46,Full Name
14,47,Full Name
14,48,Full Name
14,49,Full Name
14,50,Full Name
14,51,Full Name
14,52,Full Name
14,53,Full Name
14,54,Full Name
14,55,Full Name
14,58,Full Name
14,59,Full Name
14,60,Full Name
14,61,Full Name
14,62,Full Name
14,63,Full Name
14,64,Full Name
14,65,Full Name
14,67,Full Name
14,68,Full Name
14,69,Full Name
14,70,Full Name
14,71,Full Name
14,73,Full Name
14,74,Full Name
14,75,Full Name
14,76,Full Name
14,77,Full Name
14,78,Full Name
14,80,Full Name
14,81,Full Name
14,82,Full Name
14,83,Full Name
14,84,Full Name
14,85,Full Name
15,1,Full Name
15,3,Full Name
15,4,Full Name
15,5,Full Name
15,7,Full Name
15,8,Full Name
15,9,Full Name
15,10,Full Name
15,11,Full Name
15,13,Full Name
15,14,Full Name
15,17,Full Name
15,18,Full Name
15,21,Full Name
15,22,Full Name
15,23,Full Name
15,25,Full Name
15,27,Full Name
15,29,Full Name
15,31,Full Name
15,32,Full Name
15,35,Full Name
15,36,Full Name
15,37,Full Name
15,38,Full Name
15,39,Full Name
15,40,Full Name
15,41,Full Name
15,42,Full Name
15,43,Full Name
15,44,Full Name
15,45,Full Name
15,46,Full Name
15,48,Full Name
15,49,Full Name
15,51,Full Name
15,52,Full Name
15,53,Full Name
15,54,Full Name
15,55,Full Name
15,57,Full Name
15,58,Full Name
15,59,Full Name
15,60,Full Name
15,61,Full Name
15,62,Full Name
15,64,Full Name
15,65,Full Name
15,66,Full Name
15,67,Full Name
15,68,Full Name
15,69,Full Name
15,70,Full Name
15,71,Full Name
15,73,Full Name
15,74,Full Name
15,79,Full Name
15,80,Full Name
15,81,Full Name
15,82,Full Name
15,83,Full Name
15,84,Full Name
15,85,Full Name
16,1,Full Name
16,4,Full Name
16,5,Full Name
16,8,Full Name
16,10,Full Name
16,11,Full Name
16,13,Full Name
16,17,Full Name
16,18,Full Name
16,20,Full Name
16,21,Full Name
16,23,Full Name
16,24,Full Name
16,25,Full Name
16,27,Full Name
16,29,Full Name
16,31,Full Name
16,32,Full Name
16,33,Full Name
16,35,Full Name
16,37,Full Name
16,39,Full Name
16,40,Full Name
16,42,Full Name
16,44,Full Name
16,45,Full Name
16,46,Full Name
16,49,Full Name
16,51,Full Name
16,52,Full Name
16,53,Full Name
16,54,Full Name
16,55,Full Name
16,57,Full Name
16,59,Full Name
16,61,Full Name
16,62,Full Name
16,64,Full Name
16,65,Full Name
16,67,Full Name
16,68,Full Name
16,69,Full Name
16,70,Full Name
16,71,Full Name
16,73,Full Name
16,74,Full Name
16,75,Full Name
16,77,Full Name
16,79,Full Name
16,80,Full Name
16,81,Full Name
16,82,Full Name
16,83,Full Name
16,84,Full Name
16,85,Full Name
17,2,Full Name
17,3,Full Name
17,5,Full Name
17,6,Full Name
17,7,Full Name
17,11,Full Name
17,12,Full Name
17,13,Full Name
17,14,Full Name
17,15,Full Name
17,16,Full Name
17,18,Full Name
17,19,Full Name
17,20,Full Name
17,21,Full Name
17,22,Full Name
17,24,Full Name
17,26,Full Name
17,27,Full Name
17,28,Full Name
17,29,Full Name
17,30,Full Name
17,31,Full Name
17,32,Full Name
17,33,Full Name
17,34,Full Name
17,35,Full Name
17,36,Full Name
17,38,Full Name
17,39,Full Name
17,40,Full Name
17,41,Full Name
17,42,Full Name
17,44,Full Name
17,46,Full Name
17,47,Full Name
17,50,Full Name
17,51,Full Name
17,52,Full Name
17,53,Full Name
17,54,Full Name
17,55,Full Name
17,56,Full Name
17,57,Full Name
17,58,Full Name
17,62,Full Name
17,63,Full Name
17,64,Full Name
17,65,Full Name
17,66,Full Name
17,67,Full Name
17,68,Full Name
17,69,Full Name
17,70,Full Name
17,71,Full Name
17,72,Full Name
17,73,Full Name
17,74,Full Name
17,75,Full Name
17,76,Full Name
17,77,Full Name
17,78,Full Name
17,79,Full Name
17,83,Full Name
17,85,Full Name
18,1,Full Name
18,2,Full Name
18,3,Full Name
18,4,Full Name
18,5,Full Name
18,6,Full Name
18,7,Full Name
18,8,Full Name
18,9,Full Name
18,10,Full Name
18,11,Full Name
18,12,Full Name
18,13,Full Name
18,14,Full Name
18,15,Full Name
18,16,Full Name
18,17,Full Name
18,20,Full Name
18,21,Full Name
18,22,Full Name
18,23,Full Name
18,24,Full Name
18,25,Full Name
18,26,Full Name
18,27,Full Name
18,28,Full Name
18,29,Full Name
18,30,Full Name
18,31,Full Name
18,32,Full Name
18,33,Full Name
18,35,Full Name
18,36,Full Name
18,37,Full Name
18,38,Full Name
18,39,Full Name
18,40,Full Name
18,41,Full Name
18,42,Full Name
18,43,Full Name
18,44,Full Name
18,45,Full Name
18,46,Full Name
18,47,Full Name
18,48,Full Name
18,49,Full Name
18,50,Full Name
18,51,Full Name
18,52,Full Name
18,53,Full Name
18,54,Full Name
18,55,Full Name
18,56,Full Name
18,57,Full Name
18,58,Full Name
18,59,Full Name
18,60,Full Name
18,61,Full Name
18,62,Full Name
18,63,Full Name
18,64,Full Name
18,65,Full Name
18,66,Full Name
18,67,Full Name
18,68,Full Name
18,69,Full Name
18,70,Full Name
18,71,Full Name
18,72,Full Name
18,74,Full Name
18,75,Full Name
18,76,Full Name
18,77,Full Name
18,78,Full Name
18,79,Full Name
18,80,Full Name
18,81,Full Name
18,82,Full Name
18,83,Full Name
18,84,Full Name
18,85,Full Name
19,1,Full Name
19,4,Full Name
19,5,Full Name
19,6,Full Name
19,8,Full Name
19,9,Full Name
19,10,Full Name
19,13,Full Name
19,17,Full Name
19,22,Full Name
19,23,Full Name
19,25,Full Name
19,27,Full Name
19,29,Full Name
19,32,Full Name
19,35,Full Name
19,37,Full Name
19,40,Full Name
19,41,Full Name
19,43,Full Name
19,44,Full Name
19,45,Full Name
19,46,Full Name
19,48,Full Name
19,49,Full Name
19,53,Full Name
19,54,Full Name
19,55,Full Name
19,57,Full Name
19,58,Full Name
19,59,Full Name
19,60,Full Name
19,61,Full Name
19,62,Full Name
19,64,Full Name
19,65,Full Name
19,67,Full Name
19,68,Full Name
19,69,Full Name
19,70,Full Name
19,73,Full Name
19,74,Full Name
19,80,Full Name
19,82,Full Name
19,83,Full Name
19,84,Full Name
19,85,Full Name
20,1,Full Name
20,2,Full Name
20,3,Full Name
20,4,Full Name
20,5,Full Name
20,7,Full Name
20,8,Full Name
20,9,Full Name
20,10,Full Name
20,11,Full Name
20,13,Full Name
20,14,Full Name
20,16,Full Name
20,17,Full Name
20,18,Full Name
20,21,Full Name
20,22,Full Name
20,23,Full Name
20,25,Full Name
20,26,Full Name
20,27,Full Name
20,29,Full Name
20,31,Full Name
20,32,Full Name
20,35,Full Name
20,37,Full Name
20,38,Full Name
20,40,Full Name
20,41,Full Name
20,42,Full Name
20,43,Full Name
20,44,Full Name
20,45,Full Name
20,46,Full Name
20,48,Full Name
20,49,Full Name
20,50,Full Name
20,51,Full Name
20,52,Full Name
20,53,Full Name
20,54,Full Name
20,55,Full Name
20,56,Full Name
20,57,Full Name
20,58,Full Name
20,59,Full Name
20,60,Full Name
20,61,Full Name
20,62,Full Name
20,64,Full Name
20,65,Full Name
20,66,Full Name
20,67,Full Name
20,69,Full Name
20,70,Full Name
20,71,Full Name
20,72,Full Name
20,73,Full Name
20,74,Full Name
20,75,Full Name
20,76,Full Name
20,79,Full Name
20,80,Full Name
20,81,Full Name
20,82,Full Name
20,83,Full Name
20,84,Full Name
20,85,Full Name
21,1,Full Name
21,3,Full Name
21,4,Full Name
21,5,Full Name
21,6,Full Name
21,8,Full Name
21,9,Full Name
21,10,Full Name
21,11,Full Name
21,12,Full Name
21,13,Full Name
21,14,Full Name
21,15,Full Name
21,16,Full Name
21,17,Full Name
21,18,Full Name
21,20,Full Name
21,22,Full Name
21,23,Full Name
21,24,Full Name
21,25,Full Name
21,27,Full Name
21,28,Full Name
21,29,Full Name
21,31,Full Name
21,32,Full Name
21,33,Full Name
21,35,Full Name
21,37,Full Name
21,38,Full Name
21,40,Full Name
21,41,Full Name
21,42,Full Name
21,44,Full Name
21,45,Full Name
21,46,Full Name
21,49,Full Name
21,51,Full Name
21,52,Full Name
21,53,Full Name
21,54,Full Name
21,55,Full Name
21,56,Full Name
21,57,Full Name
21,58,Full Name
21,59,Full Name
21,60,Full Name
21,61,Full Name
21,62,Full Name
21,64,Full Name
21,65,Full Name
21,66,Full Name
21,67,Full Name
21,68,Full Name
21,69,Full Name
21,70,Full Name
21,71,Full Name
21,72,Full Name
21,73,Full Name
21,74,Full Name
21,75,Full Name
21,77,Full Name
21,79,Full Name
21,80,Full Name
21,81,Full Name
21,82,Full Name
21,83,Full Name
21,84,Full Name
21,85,Full Name
22,1,Full Name
22,3,Full Name
22,4,Full Name
22,6,Full Name
22,7,Full Name
22,8,Full Name
22,10,Full Name
22,11,Full Name
22,12,Full Name
22,13,Full Name
22,14,Full Name
22,15,Full Name
22,17,Full Name
22,18,Full Name
22,19,Full Name
22,20,Full Name
22,21,Full Name
22,23,Full Name
22,24,Full Name
22,25,Full Name
22,27,Full Name
22,28,Full Name
22,29,Full Name
22,30,Full Name
22,31,Full Name
22,32,Full Name
22,33,Full Name
22,34,Full Name
22,36,Full Name
22,37,Full Name
22,38,Full Name
22,39,Full Name
22,40,Full Name
22,41,Full Name
22,43,Full Name
22,44,Full Name
22,45,Full Name
22,46,Full Name
22,48,Full Name
22,49,Full Name
22,51,Full Name
22,53,Full Name
22,54,Full Name
22,55,Full Name
22,56,Full Name
22,57,Full Name
22,58,Full Name
22,59,Full Name
22,60,Full Name
22,61,Full Name
22,62,Full Name
22,64,Full Name
22,65,Full Name
22,66,Full Name
22,67,Full Name
22,68,Full Name
22,69,Full Name
22,70,Full Name
22,71,Full Name
22,72,Full Name
22,73,Full Name
22,74,Full Name
22,75,Full Name
22,76,Full Name
22,77,Full Name
22,78,Full Name
22,79,Full Name
22,80,Full Name
22,81,Full Name
22,82,Full Name
22,83,Full Name
22,84,Full Name
23,2,Full Name
23,3,Full Name
23,5,Full Name
23,6,Full Name
23,7,Full Name
23,11,Full Name
23,12,Full Name
23,13,Full Name
23,14,Full Name
23,15,Full Name
23,16,Full Name
23,18,Full Name
23,19,Full Name
23,20,Full Name
23,21,Full Name
23,22,Full Name
23,24,Full Name
23,26,Full Name
23,27,Full Name
23,28,Full Name
23,29,Full Name
23,30,Full Name
23,31,Full Name
23,32,Full Name
23,33,Full Name
23,34,Full Name
23,35,Full Name
23,36,Full Name
23,38,Full Name
23,40,Full Name
23,41,Full Name
23,42,Full Name
23,44,Full Name
23,46,Full Name
23,47,Full Name
23,50,Full Name
23,51,Full Name
23,54,Full Name
23,55,Full Name
23,56,Full Name
23,58,Full Name
23,62,Full Name
23,63,Full Name
23,64,Full Name
23,65,Full Name
23,66,Full Name
23,67,Full Name
23,68,Full Name
23,69,Full Name
23,70,Full Name
23,71,Full Name
23,72,Full Name
23,73,Full Name
23,74,Full Name
23,75,Full Name
23,76,Full Name
23,77,Full Name
23,78,Full Name
23,79,Full Name
23,81,Full Name
23,83,Full Name
23,85,Full Name
24,1,Full Name
24,3,Full Name
24,4,Full Name
24,5,Full Name
24,6,Full Name
24,7,Full Name
24,8,Full Name
24,10,Full Name
24,11,Full Name
24,12,Full Name
24,13,Full Name
24,14,Full Name
24,16,Full Name
24,17,Full Name
24,18,Full Name
24,21,Full Name
24,22,Full Name
24,23,Full Name
24,25,Full Name
24,27,Full Name
24,29,Full Name
24,35,Full Name
24,37,Full Name
24,44,Full Name
24,45,Full Name
24,48,Full Name
24,49,Full Name
24,51,Full Name
24,54,Full Name
24,55,Full Name
24,56,Full Name
24,57,Full Name
24,58,Full Name
24,60,Full Name
24,61,Full Name
24,64,Full Name
24,65,Full Name
24,69,Full Name
24,70,Full Name
24,71,Full Name
24,73,Full Name
24,74,Full Name
24,75,Full Name
24,79,Full Name
24,81,Full Name
24,82,Full Name
24,84,Full Name
24,85,Full Name
25,2,Full Name
25,3,Full Name
25,5,Full Name
25,6,Full Name
25,7,Full Name
25,11,Full Name
25,12,Full Name
25,13,Full Name
25,14,Full Name
25,15,Full Name
25,16,Full Name
25,18,Full Name
25,19,Full Name
25,20,Full Name
25,21,Full Name
25,22,Full Name
25,24,Full Name
25,26,Full Name
25,27,Full Name
25,28,Full Name
25,29,Full Name
25,30,Full Name
25,31,Full Name
25,33,Full Name
25,34,Full Name
25,35,Full Name
25,36,Full Name
25,38,Full Name
25,41,Full Name
25,42,Full Name
25,44,Full Name
25,46,Full Name
25,47,Full Name
25,50,Full Name
25,51,Full Name
25,54,Full Name
25,55,Full Name
25,56,Full Name
25,58,Full Name
25,63,Full Name
25,64,Full Name
25,65,Full Name
25,66,Full Name
25,68,Full Name
25,69,Full Name
25,70,Full Name
25,71,Full Name
25,72,Full Name
25,73,Full Name
25,74,Full Name
25,75,Full Name
25,76,Full Name
25,77,Full Name
25,78,Full Name
25,79,Full Name
25,81,Full Name
25,85,Full Name
26,1,Full Name
26,4,Full Name
26,6,Full Name
26,10,Full Name
26,13,Full Name
26,17,Full Name
26,18,Full Name
26,20,Full Name
26,23,Full Name
26,25,Full Name
26,32,Full Name
26,35,Full Name
26,37,Full Name
26,44,Full Name
26,45,Full Name
26,53,Full Name
26,54,Full Name
26,57,Full Name
26,59,Full Name
26,61,Full Name
26,62,Full Name
26,68,Full Name
26,70,Full Name
26,73,Full Name
26,75,Full Name
26,77,Full Name
26,79,Full Name
26,82,Full Name
26,83,Full Name
26,84,Full Name
26,85,Full Name
27,1,Full Name
27,5,Full Name
27,6,Full Name
27,7,Full Name
27,13,Full Name
27,14,Full Name
27,15,Full Name
27,16,Full Name
27,17,Full Name
27,18,Full Name
27,19,Full Name
27,20,Full Name
27,21,Full Name
27,22,Full Name
27,23,Full Name
27,24,Full Name
27,25,Full Name
27,28,Full Name
27,29,Full Name
27,30,Full Name
27,31,Full Name
27,32,Full Name
27,34,Full Name
27,35,Full Name
27,38,Full Name
27,44,Full Name
27,45,Full Name
27,46,Full Name
27,47,Full Name
27,50,Full Name
27,51,Full Name
27,53,Full Name
27,54,Full Name
27,55,Full Name
27,56,Full Name
27,57,Full Name
27,58,Full Name
27,63,Full Name
27,69,Full Name
27,70,Full Name
27,72,Full Name
27,73,Full Name
27,75,Full Name
27,77,Full Name
27,78,Full Name
27,82,Full Name
27,83,Full Name
27,85,Full Name
28,1,Full Name
28,4,Full Name
28,5,Full Name
28,6,Full Name
28,8,Full Name
28,9,Full Name
28,10,Full Name
28,13,Full Name
28,17,Full Name
28,18,Full Name
28,21,Full Name
28,22,Full Name
28,23,Full Name
28,25,Full Name
28,27,Full Name
28,31,Full Name
28,32,Full Name
28,35,Full Name
28,37,Full Name
28,39,Full Name
28,40,Full Name
28,43,Full Name
28,45,Full Name
28,48,Full Name
28,49,Full Name
28,51,Full Name
28,52,Full Name
28,53,Full Name
28,55,Full Name
28,57,Full Name
28,59,Full Name
28,60,Full Name
28,61,Full Name
28,62,Full Name
28,67,Full Name
28,68,Full Name
28,73,Full Name
28,74,Full Name
28,75,Full Name
28,77,Full Name
28,80,Full Name
28,81,Full Name
28,82,Full Name
28,84,Full Name
28,85,Full Name
29,1,Full Name
29,4,Full Name
29,5,Full Name
29,6,Full Name
29,8,Full Name
29,9,Full Name
29,10,Full Name
29,11,Full Name
29,13,Full Name
29,14,Full Name
29,15,Full Name
29,16,Full Name
29,17,Full Name
29,18,Full Name
29,19,Full Name
29,20,Full Name
29,21,Full Name
29,22,Full Name
29,23,Full Name
29,24,Full Name
29,25,Full Name
29,27,Full Name
29,32,Full Name
29,33,Full Name
29,34,Full Name
29,36,Full Name
29,37,Full Name
29,38,Full Name
29,40,Full Name
29,41,Full Name
29,42,Full Name
29,43,Full Name
29,45,Full Name
29,46,Full Name
29,48,Full Name
29,49,Full Name
29,51,Full Name
29,52,Full Name
29,53,Full Name
29,56,Full Name
29,57,Full Name
29,59,Full Name
29,61,Full Name
29,62,Full Name
29,63,Full Name
29,64,Full Name
29,65,Full Name
29,69,Full Name
29,70,Full Name
29,72,Full Name
29,73,Full Name
29,75,Full Name
29,77,Full Name
29,79,Full Name
29,80,Full Name
29,81,Full Name
29,82,Full Name
29,84,Full Name
29,85,Full Name
30,1,Full Name
30,4,Full Name
30,6,Full Name
30,8,Full Name
30,10,Full Name
30,11,Full Name
30,12,Full Name
30,17,Full Name
30,18,Full Name
30,22,Full Name
30,23,Full Name
30,25,Full Name
30,27,Full Name
30,35,Full Name
30,37,Full Name
30,42,Full Name
30,45,Full Name
30,48,Full Name
30,49,Full Name
30,54,Full Name
30,55,Full Name
30,57,Full Name
30,59,Full Name
30,60,Full Name
30,61,Full Name
30,69,Full Name
30,70,Full Name
30,71,Full Name
30,73,Full Name
30,75,Full Name
30,81,Full Name
30,82,Full Name
30,84,Full Name
30,85,Full Name
31,1,Full Name
31,6,Full Name
31,8,Full Name
31,11,Full Name
31,12,Full Name
31,13,Full Name
31,14,Full Name
31,15,Full Name
31,16,Full Name
31,17,Full Name
31,18,Full Name
31,20,Full Name
31,21,Full Name
31,22,Full Name
31,23,Full Name
31,25,Full Name
31,27,Full Name
31,28,Full Name
31,33,Full Name
31,34,Full Name
31,42,Full Name
31,50,Full Name
31,51,Full Name
31,54,Full Name
31,55,Full Name
31,56,Full Name
31,58,Full Name
31,61,Full Name
31,64,Full Name
31,65,Full Name
31,69,Full Name
31,70,Full Name
31,71,Full Name
31,73,Full Name
31,74,Full Name
31,75,Full Name
31,79,Full Name
31,81,Full Name
31,82,Full Name
31,85,Full Name
32,2,Full Name
32,3,Full Name
32,4,Full Name
32,5,Full Name
32,6,Full Name
32,7,Full Name
32,8,Full Name
32,11,Full Name
32,12,Full Name
32,14,Full Name
32,15,Full Name
32,16,Full Name
32,17,Full Name
32,18,Full Name
32,19,Full Name
32,20,Full Name
32,21,Full Name
32,22,Full Name
32,23,Full Name
32,26,Full Name
32,27,Full Name
32,28,Full Name
32,29,Full Name
32,33,Full Name
32,34,Full Name
32,35,Full Name
32,36,Full Name
32,38,Full Name
32,40,Full Name
32,41,Full Name
32,42,Full Name
32,43,Full Name
32,44,Full Name
32,47,Full Name
32,48,Full Name
32,49,Full Name
32,50,Full Name
32,51,Full Name
32,54,Full Name
32,55,Full Name
32,56,Full Name
32,58,Full Name
32,60,Full Name
32,61,Full Name
32,64,Full Name
32,65,Full Name
32,66,Full Name
32,67,Full Name
32,69,Full Name
32,70,Full Name
32,71,Full Name
32,72,Full Name
32,73,Full Name
32,74,Full Name
32,75,Full Name
32,76,Full Name
32,79,Full Name
32,81,Full Name
32,82,Full Name
32,84,Full Name
32,85,Full Name
33,1,Full Name
33,3,Full Name
33,4,Full Name
33,6,Full Name
33,7,Full Name
33,8,Full Name
33,9,Full Name
33,10,Full Name
33,11,Full Name
33,13,Full Name
33,14,Full Name
33,16,Full Name
33,17,Full Name
33,18,Full Name
33,21,Full Name
33,22,Full Name
33,23,Full Name
33,25,Full Name
33,29,Full Name
33,31,Full Name
33,32,Full Name
33,35,Full Name
33,37,Full Name
33,38,Full Name
33,41,Full Name
33,43,Full Name
33,44,Full Name
33,45,Full Name
33,48,Full Name
33,49,Full Name
33,53,Full Name
33,54,Full Name
33,55,Full Name
33,57,Full Name
33,59,Full Name
33,60,Full Name
33,61,Full Name
33,70,Full Name
33,72,Full Name
33,73,Full Name
33,75,Full Name
33,79,Full Name
33,80,Full Name
33,81,Full Name
33,82,Full Name
33,84,Full Name
33,85,Full Name
34,1,Full Name
34,3,Full Name
34,4,Full Name
34,5,Full Name
34,6,Full Name
34,7,Full Name
34,8,Full Name
34,9,Full Name
34,10,Full Name
34,11,Full Name
34,13,Full Name
34,14,Full Name
34,17,Full Name
34,22,Full Name
34,23,Full Name
34,25,Full Name
34,27,Full Name
34,29,Full Name
34,31,Full Name
34,32,Full Name
34,35,Full Name
34,36,Full Name
34,37,Full Name
34,38,Full Name
34,40,Full Name
34,41,Full Name
34,42,Full Name
34,43,Full Name
34,44,Full Name
34,45,Full Name
34,46,Full Name
34,48,Full Name
34,49,Full Name
34,53,Full Name
34,54,Full Name
34,55,Full Name
34,57,Full Name
34,59,Full Name
34,60,Full Name
34,61,Full Name
34,62,Full Name
34,64,Full Name
34,65,Full Name
34,67,Full Name
34,68,Full Name
34,70,Full Name
34,71,Full Name
34,72,Full Name
34,74,Full Name
34,79,Full Name
34,80,Full Name
34,81,Full Name
34,82,Full Name
34,83,Full Name
34,84,Full Name
34,85,Full Name
35,1,Full Name
35,3,Full Name
35,4,Full Name
35,6,Full Name
35,7,Full Name
35,8,Full Name
35,10,Full Name
35,11,Full Name
35,12,Full Name
35,13,Full Name
35,14,Full Name
35,15,Full Name
35,16,Full Name
35,17,Full Name
35,18,Full Name
35,19,Full Name
35,20,Full Name
35,21,Full Name
35,23,Full Name
35,24,Full Name
35,25,Full Name
35,26,Full Name
35,27,Full Name
35,28,Full Name
35,30,Full Name
35,32,Full Name
35,33,Full Name
35,34,Full Name
35,36,Full Name
35,38,Full Name
35,40,Full Name
35,41,Full Name
35,44,Full Name
35,45,Full Name
35,47,Full Name
35,48,Full Name
35,49,Full Name
35,50,Full Name
35,51,Full Name
35,56,Full Name
35,57,Full Name
35,58,Full Name
35,60,Full Name
35,61,Full Name
35,64,Full Name
35,65,Full Name
35,67,Full Name
35,69,Full Name
35,70,Full Name
35,72,Full Name
35,73,Full Name
35,75,Full Name
35,76,Full Name
35,79,Full Name
35,80,Full Name
35,81,Full Name
35,82,Full Name
35,84,Full Name
36,1,Full Name
36,4,Full Name
36,5,Full Name
36,6,Full Name
36,8,Full Name
36,9,Full Name
36,10,Full Name
36,13,Full Name
36,15,Full Name
36,17,Full Name
36,18,Full Name
36,22,Full Name
36,23,Full Name
36,25,Full Name
36,29,Full Name
36,32,Full Name
36,34,Full Name
36,35,Full Name
36,37,Full Name
36,44,Full Name
36,45,Full Name
36,46,Full Name
36,48,Full Name
36,49,Full Name
36,52,Full Name
36,53,Full Name
36,54,Full Name
36,55,Full Name
36,57,Full Name
36,59,Full Name
36,62,Full Name
36,67,Full Name
36,68,Full Name
36,69,Full Name
36,73,Full Name
36,75,Full Name
36,77,Full Name
36,80,Full Name
36,81,Full Name
36,82,Full Name
36,83,Full Name
36,84,Full Name
36,85,Full Name
37,6,Full Name
37,11,Full Name
37,12,Full Name
37,13,Full Name
37,14,Full Name
37,15,Full Name
37,16,Full Name
37,18,Full Name
37,19,Full Name
37,20,Full Name
37,21,Full Name
37,22,Full Name
37,24,Full Name
37,26,Full Name
37,28,Full Name
37,29,Full Name
37,30,Full Name
37,33,Full Name
37,34,Full Name
37,36,Full Name
37,44,Full Name
37,47,Full Name
37,50,Full Name
37,51,Full Name
37,54,Full Name
37,56,Full Name
37,58,Full Name
37,63,Full Name
37,69,Full Name
37,70,Full Name
37,72,Full Name
37,73,Full Name
37,75,Full Name
37,77,Full Name
37,78,Full Name
37,79,Full Name
37,85,Full Name
38,1,Full Name
38,4,Full Name
38,5,Full Name
38,6,Full Name
38,8,Full Name
38,10,Full Name
38,11,Full Name
38,12,Full Name
38,13,Full Name
38,15,Full Name
38,17,Full Name
38,18,Full Name
38,20,Full Name
38,21,Full Name
38,22,Full Name
38,23,Full Name
38,25,Full Name
38,27,Full Name
38,29,Full Name
38,32,Full Name
38,33,Full Name
38,34,Full Name
38,35,Full Name
38,42,Full Name
38,44,Full Name
38,45,Full Name
38,47,Full Name
38,48,Full Name
38,49,Full Name
38,51,Full Name
38,53,Full Name
38,54,Full Name
38,55,Full Name
38,56,Full Name
38,58,Full Name
38,59,Full Name
38,61,Full Name
38,64,Full Name
38,69,Full Name
38,70,Full Name
38,71,Full Name
38,73,Full Name
38,74,Full Name
38,75,Full Name
38,79,Full Name
38,81,Full Name
38,82,Full Name
38,85,Full Name
39,5,Full Name
39,6,Full Name
39,11,Full Name
39,14,Full Name
39,15,Full Name
39,16,Full Name
39,17,Full Name
39,18,Full Name
39,22,Full Name
39,28,Full Name
39,44,Full Name
39,54,Full Name
39,56,Full Name
39,65,Full Name
39,69,Full Name
39,70,Full Name
39,72,Full Name
39,73,Full Name
39,75,Full Name
39,79,Full Name
39,82,Full Name
39,85,Full Name
40,1,Full Name
40,6,Full Name
40,7,Full Name
40,11,Full Name
40,12,Full Name
40,14,Full Name
40,15,Full Name
40,16,Full Name
40,17,Full Name
40,18,Full Name
40,19,Full Name
40,20,Full Name
40,21,Full Name
40,22,Full Name
40,23,Full Name
40,28,Full Name
40,29,Full Name
40,32,Full Name
40,34,Full Name
40,35,Full Name
40,44,Full Name
40,45,Full Name
40,47,Full Name
40,48,Full Name
40,51,Full Name
40,54,Full Name
40,55,Full Name
40,56,Full Name
40,57,Full Name
40,58,Full Name
40,63,Full Name
40,69,Full Name
40,70,Full Name
40,72,Full Name
40,73,Full Name
40,75,Full Name
40,77,Full Name
40,82,Full Name
40,85,Full Name
41,4,Full Name
41,5,Full Name
41,6,Full Name
41,11,Full Name
41,12,Full Name
41,13,Full Name
41,15,Full Name
41,17,Full Name
41,18,Full Name
41,19,Full Name
41,20,Full Name
41,21,Full Name
41,22,Full Name
41,23,Full Name
41,25,Full Name
41,29,Full Name
41,32,Full Name
41,33,Full Name
41,34,Full Name
41,35,Full Name
41,42,Full Name
41,44,Full Name
41,45,Full Name
41,46,Full Name
41,47,Full Name
41,51,Full Name
41,53,Full Name
41,54,Full Name
41,55,Full Name
41,58,Full Name
41,69,Full Name
41,70,Full Name
41,73,Full Name
41,75,Full Name
41,77,Full Name
41,81,Full Name
41,82,Full Name
41,83,Full Name
41,85,Full Name
42,1,Full Name
42,4,Full Name
42,6,Full Name
42,7,Full Name
42,8,Full Name
42,11,Full Name
42,13,Full Name
42,14,Full Name
42,15,Full Name
42,16,Full Name
42,17,Full Name
42,18,Full Name
42,20,Full Name
42,21,Full Name
42,23,Full Name
42,25,Full Name
42,29,Full Name
42,30,Full Name
42,31,Full Name
42,32,Full Name
42,34,Full Name
42,38,Full Name
42,41,Full Name
42,44,Full Name
42,45,Full Name
42,46,Full Name
42,48,Full Name
42,53,Full Name
42,54,Full Name
42,55,Full Name
42,56,Full Name
42,57,Full Name
42,58,Full Name
42,61,Full Name
42,65,Full Name
42,66,Full Name
42,67,Full Name
42,68,Full Name
42,69,Full Name
42,72,Full Name
42,73,Full Name
42,75,Full Name
42,79,Full Name
42,80,Full Name
42,82,Full Name
42,84,Full Name
43,6,Full Name
43,11,Full Name
43,12,Full Name
43,14,Full Name
43,15,Full Name
43,18,Full Name
43,19,Full Name
43,20,Full Name
43,22,Full Name
43,28,Full Name
43,29,Full Name
43,32,Full Name
43,33,Full Name
43,34,Full Name
43,44,Full Name
43,51,Full Name
43,54,Full Name
43,56,Full Name
43,58,Full Name
43,69,Full Name
43,70,Full Name
43,72,Full Name
43,73,Full Name
43,75,Full Name
43,77,Full Name
43,79,Full Name
43,82,Full Name
43,85,Full Name
44,1,Full Name
44,2,Full Name
44,3,Full Name
44,4,Full Name
44,5,Full Name
44,6,Full Name
44,7,Full Name
44,8,Full Name
44,9,Full Name
44,10,Full Name
44,11,Full Name
44,12,Full Name
44,13,Full Name
44,14,Full Name
44,15,Full Name
44,16,Full Name
44,17,Full Name
44,18,Full Name
44,19,Full Name
44,20,Full Name
44,21,Full Name
44,22,Full Name
44,23,Full Name
44,24,Full Name
44,25,Full Name
44,26,Full Name
44,27,Full Name
44,32,Full Name
44,33,Full Name
44,34,Full Name
44,35,Full Name
44,36,Full Name
44,37,Full Name
44,38,Full Name
44,39,Full Name
44,40,Full Name
44,41,Full Name
44,42,Full Name
44,43,Full Name
44,45,Full Name
44,48,Full Name
44,49,Full Name
44,50,Full Name
44,51,Full Name
44,52,Full Name
44,54,Full Name
44,55,Full Name
44,56,Full Name
44,57,Full Name
44,59,Full Name
44,60,Full Name
44,61,Full Name
44,63,Full Name
44,64,Full Name
44,65,Full Name
44,69,Full Name
44,70,Full Name
44,71,Full Name
44,73,Full Name
44,75,Full Name
44,77,Full Name
44,79,Full Name
44,80,Full Name
44,81,Full Name
44,82,Full Name
44,84,Full Name
44,85,Full Name
45,2,Full Name
45,3,Full Name
45,5,Full Name
45,6,Full Name
45,7,Full Name
45,11,Full Name
45,12,Full Name
45,13,Full Name
45,14,Full Name
45,15,Full Name
45,16,Full Name
45,18,Full Name
45,19,Full Name
45,20,Full Name
45,21,Full Name
45,22,Full Name
45,24,Full Name
45,26,Full Name
45,27,Full Name
45,28,Full Name
45,29,Full Name
45,30,Full Name
45,33,Full Name
45,34,Full Name
45,35,Full Name
45,36,Full Name
45,38,Full Name
45,40,Full Name
45,41,Full Name
45,42,Full Name
45,44,Full Name
45,46,Full Name
45,47,Full Name
45,50,Full Name
45,51,Full Name
45,54,Full Name
45,55,Full Name
45,56,Full Name
45,58,Full Name
45,60,Full Name
45,62,Full Name
45,63,Full Name
45,64,Full Name
45,65,Full Name
45,66,Full Name
45,67,Full Name
45,68,Full Name
45,69,Full Name
45,70,Full Name
45,71,Full Name
45,72,Full Name
45,73,Full Name
45,74,Full Name
45,75,Full Name
45,76,Full Name
45,77,Full Name
45,78,Full Name
45,79,Full Name
45,81,Full Name
45,83,Full Name
45,85,Full Name
46,1,Full Name
46,3,Full Name
46,4,Full Name
46,6,Full Name
46,7,Full Name
46,8,Full Name
46,10,Full Name
46,11,Full Name
46,12,Full Name
46,14,Full Name
46,15,Full Name
46,16,Full Name
46,17,Full Name
46,18,Full Name
46,19,Full Name
46,20,Full Name
46,21,Full Name
46,22,Full Name
46,23,Full Name
46,25,Full Name
46,27,Full Name
46,29,Full Name
46,34,Full Name
46,36,Full Name
46,41,Full Name
46,42,Full Name
46,45,Full Name
46,48,Full Name
46,49,Full Name
46,51,Full Name
46,54,Full Name
46,55,Full Name
46,57,Full Name
46,60,Full Name
46,61,Full Name
46,70,Full Name
46,71,Full Name
46,72,Full Name
46,73,Full Name
46,75,Full Name
46,79,Full Name
46,81,Full Name
46,82,Full Name
46,84,Full Name
46,85,Full Name
47,1,Full Name
47,4,Full Name
47,5,Full Name
47,6,Full Name
47,8,Full Name
47,9,Full Name
47,10,Full Name
47,11,Full Name
47,13,Full Name
47,14,Full Name
47,17,Full Name
47,18,Full Name
47,23,Full Name
47,25,Full Name
47,27,Full Name
47,32,Full Name
47,35,Full Name
47,37,Full Name
47,38,Full Name
47,40,Full Name
47,41,Full Name
47,45,Full Name
47,48,Full Name
47,49,Full Name
47,53,Full Name
47,55,Full Name
47,57,Full Name
47,59,Full Name
47,60,Full Name
47,61,Full Name
47,62,Full Name
47,65,Full Name
47,73,Full Name
47,74,Full Name
47,79,Full Name
47,80,Full Name
47,81,Full Name
47,82,Full Name
47,83,Full Name
47,84,Full Name
48,3,Full Name
48,5,Full Name
48,6,Full Name
48,11,Full Name
48,12,Full Name
48,13,Full Name
48,14,Full Name
48,15,Full Name
48,18,Full Name
48,19,Full Name
48,20,Full Name
48,22,Full Name
48,24,Full Name
48,28,Full Name
48,29,Full Name
48,30,Full Name
48,32,Full Name
48,33,Full Name
48,34,Full Name
48,35,Full Name
48,36,Full Name
48,38,Full Name
48,40,Full Name
48,42,Full Name
48,44,Full Name
48,46,Full Name
48,47,Full Name
48,51,Full Name
48,53,Full Name
48,54,Full Name
48,56,Full Name
48,58,Full Name
48,62,Full Name
48,65,Full Name
48,68,Full Name
48,69,Full Name
48,70,Full Name
48,71,Full Name
48,72,Full Name
48,73,Full Name
48,74,Full Name
48,75,Full Name
48,77,Full Name
48,79,Full Name
48,82,Full Name
48,83,Full Name
48,85,Full Name
49,6,Full Name
49,11,Full Name
49,12,Full Name
49,13,Full Name
49,14,Full Name
49,15,Full Name
49,16,Full Name
49,18,Full Name
49,19,Full Name
49,20,Full Name
49,21,Full Name
49,22,Full Name
49,24,Full Name
49,28,Full Name
49,29,Full Name
49,30,Full Name
49,32,Full Name
49,33,Full Name
49,34,Full Name
49,35,Full Name
49,36,Full Name
49,38,Full Name
49,44,Full Name
49,46,Full Name
49,47,Full Name
49,51,Full Name
49,54,Full Name
49,56,Full Name
49,58,Full Name
49,65,Full Name
49,69,Full Name
49,70,Full Name
49,72,Full Name
49,73,Full Name
49,75,Full Name
49,77,Full Name
49,78,Full Name
49,79,Full Name
49,83,Full Name
49,85,Full Name
50,1,Full Name
50,4,Full Name
50,8,Full Name
50,10,Full Name
50,11,Full Name
50,13,Full Name
50,14,Full Name
50,17,Full Name
50,18,Full Name
50,20,Full Name
50,23,Full Name
50,25,Full Name
50,27,Full Name
50,31,Full Name
50,32,Full Name
50,35,Full Name
50,37,Full Name
50,44,Full Name
50,45,Full Name
50,51,Full Name
50,53,Full Name
50,54,Full Name
50,55,Full Name
50,57,Full Name
50,61,Full Name
50,62,Full Name
50,68,Full Name
50,73,Full Name
50,75,Full Name
50,77,Full Name
50,79,Full Name
50,82,Full Name
50,84,Full Name
50,85,Full Name
51,1,Full Name
51,4,Full Name
51,5,Full Name
51,6,Full Name
51,7,Full Name
51,8,Full Name
51,9,Full Name
51,10,Full Name
51,11,Full Name
51,13,Full Name
51,14,Full Name
51,15,Full Name
51,16,Full Name
51,17,Full Name
51,18,Full Name
51,20,Full Name
51,21,Full Name
51,22,Full Name
51,23,Full Name
51,24,Full Name
51,25,Full Name
51,27,Full Name
51,28,Full Name
51,29,Full Name
51,31,Full Name
51,32,Full Name
51,35,Full Name
51,37,Full Name
51,38,Full Name
51,40,Full Name
51,41,Full Name
51,43,Full Name
51,44,Full Name
51,45,Full Name
51,46,Full Name
51,48,Full Name
51,49,Full Name
51,50,Full Name
51,52,Full Name
51,53,Full Name
51,54,Full Name
51,55,Full Name
51,56,Full Name
51,57,Full Name
51,58,Full Name
51,59,Full Name
51,61,Full Name
51,62,Full Name
51,64,Full Name
51,65,Full Name
51,67,Full Name
51,68,Full Name
51,71,Full Name
51,72,Full Name
51,73,Full Name
51,74,Full Name
51,75,Full Name
51,77,Full Name
51,79,Full Name
51,80,Full Name
51,82,Full Name
51,83,Full Name
51,84,Full Name
51,85,Full Name
52,6,Full Name
52,11,Full Name
52,12,Full Name
52,14,Full Name
52,15,Full Name
52,16,Full Name
52,17,Full Name
52,18,Full Name
52,20,Full Name
52,21,Full Name
52,28,Full Name
52,29,Full Name
52,36,Full Name
52,44,Full Name
52,51,Full Name
52,54,Full Name
52,56,Full Name
52,58,Full Name
52,65,Full Name
52,69,Full Name
52,70,Full Name
52,71,Full Name
52,72,Full Name
52,73,Full Name
52,75,Full Name
52,79,Full Name
52,85,Full Name
53,3,Full Name
53,5,Full Name
53,6,Full Name
53,7,Full Name
53,11,Full Name
53,12,Full Name
53,14,Full Name
53,15,Full Name
53,16,Full Name
53,17,Full Name
53,18,Full Name
53,19,Full Name
53,20,Full Name
53,21,Full Name
53,22,Full Name
53,26,Full Name
53,27,Full Name
53,28,Full Name
53,29,Full Name
53,33,Full Name
53,34,Full Name
53,36,Full Name
53,38,Full Name
53,41,Full Name
53,42,Full Name
53,47,Full Name
53,48,Full Name
53,50,Full Name
53,51,Full Name
53,54,Full Name
53,56,Full Name
53,58,Full Name
53,63,Full Name
53,65,Full Name
53,69,Full Name
53,70,Full Name
53,72,Full Name
53,73,Full Name
53,75,Full Name
53,76,Full Name
53,79,Full Name
53,81,Full Name
53,85,Full Name
54,1,Full Name
54,2,Full Name
54,3,Full Name
54,4,Full Name
54,5,Full Name
54,6,Full Name
54,7,Full Name
54,8,Full Name
54,9,Full Name
54,10,Full Name
54,11,Full Name
54,12,Full Name
54,13,Full Name
54,14,Full Name
54,15,Full Name
54,16,Full Name
54,17,Full Name
54,18,Full Name
54,19,Full Name
54,20,Full Name
54,21,Full Name
54,22,Full Name
54,23,Full Name
54,24,Full Name
54,25,Full Name
54,26,Full Name
54,27,Full Name
54,30,Full Name
54,31,Full Name
54,32,Full Name
54,33,Full Name
54,34,Full Name
54,36,Full Name
54,37,Full Name
54,38,Full Name
54,39,Full Name
54,40,Full Name
54,41,Full Name
54,42,Full Name
54,43,Full Name
54,44,Full Name
54,45,Full Name
54,46,Full Name
54,48,Full Name
54,49,Full Name
54,50,Full Name
54,51,Full Name
54,52,Full Name
54,53,Full Name
54,55,Full Name
54,56,Full Name
54,57,Full Name
54,59,Full Name
54,60,Full Name
54,61,Full Name
54,62,Full Name
54,64,Full Name
54,65,Full Name
54,66,Full Name
54,67,Full Name
54,68,Full Name
54,70,Full Name
54,73,Full Name
54,74,Full Name
54,75,Full Name
54,76,Full Name
54,77,Full Name
54,78,Full Name
54,79,Full Name
54,80,Full Name
54,81,Full Name
54,82,Full Name
54,83,Full Name
54,84,Full Name
54,85,Full Name
55,4,Full Name
55,5,Full Name
55,6,Full Name
55,11,Full Name
55,12,Full Name
55,13,Full Name
55,14,Full Name
55,15,Full Name
55,16,Full Name
55,17,Full Name
55,18,Full Name
55,19,Full Name
55,20,Full Name
55,21,Full Name
55,22,Full Name
55,23,Full Name
55,24,Full Name
55,25,Full Name
55,27,Full Name
55,28,Full Name
55,30,Full Name
55,31,Full Name
55,32,Full Name
55,33,Full Name
55,34,Full Name
55,36,Full Name
55,38,Full Name
55,40,Full Name
55,41,Full Name
55,42,Full Name
55,44,Full Name
55,45,Full Name
55,46,Full Name
55,47,Full Name
55,50,Full Name
55,51,Full Name
55,54,Full Name
55,56,Full Name
55,58,Full Name
55,59,Full Name
55,62,Full Name
55,63,Full Name
55,64,Full Name
55,65,Full Name
55,67,Full Name
55,69,Full Name
55,70,Full Name
55,72,Full Name
55,73,Full Name
55,74,Full Name
55,75,Full Name
55,77,Full Name
55,78,Full Name
55,79,Full Name
55,82,Full Name
55,83,Full Name
55,85,Full Name
56,1,Full Name
56,4,Full Name
56,5,Full Name
56,6,Full Name
56,8,Full Name
56,9,Full Name
56,10,Full Name
56,13,Full Name
56,17,Full Name
56,18,Full Name
56,20,Full Name
56,21,Full Name
56,22,Full Name
56,23,Full Name
56,24,Full Name
56,25,Full Name
56,27,Full Name
56,29,Full Name
56,31,Full Name
56,32,Full Name
56,35,Full Name
56,37,Full Name
56,38,Full Name
56,39,Full Name
56,40,Full Name
56,42,Full Name
56,43,Full Name
56,44,Full Name
56,45,Full Name
56,48,Full Name
56,49,Full Name
56,51,Full Name
56,52,Full Name
56,53,Full Name
56,54,Full Name
56,55,Full Name
56,57,Full Name
56,59,Full Name
56,60,Full Name
56,61,Full Name
56,62,Full Name
56,63,Full Name
56,65,Full Name
56,68,Full Name
56,70,Full Name
56,71,Full Name
56,73,Full Name
56,74,Full Name
56,75,Full Name
56,77,Full Name
56,81,Full Name
56,82,Full Name
56,83,Full Name
56,84,Full Name
56,85,Full Name
57,2,Full Name
57,5,Full Name
57,6,Full Name
57,11,Full Name
57,12,Full Name
57,13,Full Name
57,15,Full Name
57,16,Full Name
57,17,Full Name
57,18,Full Name
57,19,Full Name
57,20,Full Name
57,21,Full Name
57,22,Full Name
57,24,Full Name
57,26,Full Name
57,27,Full Name
57,28,Full Name
57,29,Full Name
57,30,Full Name
57,33,Full Name
57,34,Full Name
57,35,Full Name
57,36,Full Name
57,40,Full Name
57,42,Full Name
57,44,Full Name
57,46,Full Name
57,47,Full Name
57,50,Full Name
57,51,Full Name
57,54,Full Name
57,56,Full Name
57,58,Full Name
57,63,Full Name
57,64,Full Name
57,65,Full Name
57,68,Full Name
57,69,Full Name
57,70,Full Name
57,71,Full Name
57,72,Full Name
57,73,Full Name
57,74,Full Name
57,75,Full Name
57,76,Full Name
57,77,Full Name
57,78,Full Name
57,79,Full Name
57,83,Full Name
57,85,Full Name
58,1,Full Name
58,4,Full Name
58,5,Full Name
58,6,Full Name
58,8,Full Name
58,9,Full Name
58,10,Full Name
58,11,Full Name
58,13,Full Name
58,14,Full Name
58,15,Full Name
58,17,Full Name
58,18,Full Name
58,19,Full Name
58,20,Full Name
58,21,Full Name
58,22,Full Name
58,23,Full Name
58,24,Full Name
58,25,Full Name
58,27,Full Name
58,31,Full Name
58,32,Full Name
58,35,Full Name
58,37,Full Name
58,38,Full Name
58,40,Full Name
58,41,Full Name
58,42,Full Name
58,43,Full Name
58,45,Full Name
58,48,Full Name
58,49,Full Name
58,51,Full Name
58,52,Full Name
58,53,Full Name
58,55,Full Name
58,57,Full Name
58,59,Full Name
58,60,Full Name
58,61,Full Name
58,62,Full Name
58,64,Full Name
58,73,Full Name
58,74,Full Name
58,75,Full Name
58,77,Full Name
58,79,Full Name
58,80,Full Name
58,81,Full Name
58,82,Full Name
58,83,Full Name
58,84,Full Name
58,85,Full Name
59,5,Full Name
59,6,Full Name
59,11,Full Name
59,12,Full Name
59,13,Full Name
59,14,Full Name
59,15,Full Name
59,16,Full Name
59,18,Full Name
59,19,Full Name
59,20,Full Name
59,21,Full Name
59,22,Full Name
59,26,Full Name
59,28,Full Name
59,29,Full Name
59,30,Full Name
59,33,Full Name
59,34,Full Name
59,36,Full Name
59,38,Full Name
59,44,Full Name
59,47,Full Name
59,51,Full Name
59,54,Full Name
59,55,Full Name
59,56,Full Name
59,58,Full Name
59,65,Full Name
59,69,Full Name
59,70,Full Name
59,73,Full Name
59,75,Full Name
59,79,Full Name
59,84,Full Name
59,85,Full Name
60,1,Full Name
60,5,Full Name
60,6,Full Name
60,11,Full Name
60,13,Full Name
60,14,Full Name
60,15,Full Name
60,18,Full Name
60,19,Full Name
60,20,Full Name
60,21,Full Name
60,22,Full Name
60,24,Full Name
60,28,Full Name
60,30,Full Name
60,32,Full Name
60,33,Full Name
60,34,Full Name
60,35,Full Name
60,44,Full Name
60,45,Full Name
60,46,Full Name
60,47,Full Name
60,54,Full Name
60,56,Full Name
60,58,Full Name
60,63,Full Name
60,69,Full Name
60,70,Full Name
60,72,Full Name
60,73,Full Name
60,75,Full Name
60,77,Full Name
60,78,Full Name
60,79,Full Name
60,82,Full Name
60,83,Full Name
60,85,Full Name
61,2,Full Name
61,5,Full Name
61,6,Full Name
61,11,Full Name
61,12,Full Name
61,13,Full Name
61,14,Full Name
61,15,Full Name
61,16,Full Name
61,18,Full Name
61,19,Full Name
61,20,Full Name
61,21,Full Name
61,22,Full Name
61,24,Full Name
61,26,Full Name
61,28,Full Name
61,29,Full Name
61,30,Full Name
61,31,Full Name
61,32,Full Name
61,33,Full Name
61,34,Full Name
61,35,Full Name
61,38,Full Name
61,42,Full Name
61,44,Full Name
61,46,Full Name
61,47,Full Name
61,50,Full Name
61,51,Full Name
61,54,Full Name
61,56,Full Name
61,58,Full Name
61,62,Full Name
61,63,Full Name
61,65,Full Name
61,67,Full Name
61,68,Full Name
61,69,Full Name
61,70,Full Name
61,71,Full Name
61,72,Full Name
61,73,Full Name
61,74,Full Name
61,75,Full Name
61,77,Full Name
61,78,Full Name
61,79,Full Name
61,82,Full Name
61,83,Full Name
61,85,Full Name
62,1,Full Name
62,4,Full Name
62,6,Full Name
62,7,Full Name
62,8,Full Name
62,11,Full Name
62,12,Full Name
62,13,Full Name
62,14,Full Name
62,15,Full Name
62,16,Full Name
62,17,Full Name
62,18,Full Name
62,19,Full Name
62,20,Full Name
62,21,Full Name
62,22,Full Name
62,23,Full Name
62,26,Full Name
62,28,Full Name
62,29,Full Name
62,34,Full Name
62,36,Full Name
62,45,Full Name
62,47,Full Name
62,48,Full Name
62,50,Full Name
62,51,Full Name
62,54,Full Name
62,55,Full Name
62,56,Full Name
62,58,Full Name
62,61,Full Name
62,63,Full Name
62,69,Full Name
62,70,Full Name
62,72,Full Name
62,73,Full Name
62,75,Full Name
62,78,Full Name
62,79,Full Name
62,81,Full Name
62,82,Full Name
62,85,Full Name
63,1,Full Name
63,4,Full Name
63,8,Full Name
63,10,Full Name
63,11,Full Name
63,13,Full Name
63,14,Full Name
63,17,Full Name
63,18,Full Name
63,23,Full Name
63,25,Full Name
63,27,Full Name
63,29,Full Name
63,37,Full Name
63,40,Full Name
63,44,Full Name
63,45,Full Name
63,53,Full Name
63,55,Full Name
63,56,Full Name
63,57,Full Name
63,60,Full Name
63,61,Full Name
63,62,Full Name
63,64,Full Name
63,65,Full Name
63,67,Full Name
63,70,Full Name
63,73,Full Name
63,79,Full Name
63,80,Full Name
63,81,Full Name
63,82,Full Name
63,84,Full Name
64,1,Full Name
64,4,Full Name
64,6,Full Name
64,10,Full Name
64,13,Full Name
64,14,Full Name
64,15,Full Name
64,16,Full Name
64,17,Full Name
64,18,Full Name
64,19,Full Name
64,20,Full Name
64,21,Full Name
64,22,Full Name
64,23,Full Name
64,24,Full Name
64,25,Full Name
64,29,Full Name
64,31,Full Name
64,32,Full Name
64,34,Full Name
64,35,Full Name
64,38,Full Name
64,44,Full Name
64,45,Full Name
64,51,Full Name
64,54,Full Name
64,55,Full Name
64,57,Full Name
64,58,Full Name
64,63,Full Name
64,69,Full Name
64,70,Full Name
64,72,Full Name
64,73,Full Name
64,75,Full Name
64,77,Full Name
64,82,Full Name
64,83,Full Name
64,84,Full Name
64,85,Full Name
65,1,Full Name
65,3,Full Name
65,4,Full Name
65,6,Full Name
65,7,Full Name
65,8,Full Name
65,10,Full Name
65,12,Full Name
65,14,Full Name
65,15,Full Name
65,16,Full Name
65,17,Full Name
65,18,Full Name
65,19,Full Name
65,20,Full Name
65,21,Full Name
65,22,Full Name
65,23,Full Name
65,24,Full Name
65,25,Full Name
65,29,Full Name
65,31,Full Name
65,32,Full Name
65,34,Full Name
65,35,Full Name
65,39,Full Name
65,42,Full Name
65,44,Full Name
65,45,Full Name
65,47,Full Name
65,48,Full Name
65,49,Full Name
65,51,Full Name
65,52,Full Name
65,53,Full Name
65,54,Full Name
65,55,Full Name
65,56,Full Name
65,57,Full Name
65,59,Full Name
65,61,Full Name
65,63,Full Name
65,70,Full Name
65,71,Full Name
65,72,Full Name
65,73,Full Name
65,75,Full Name
65,77,Full Name
65,80,Full Name
65,81,Full Name
65,82,Full Name
65,83,Full Name
65,84,Full Name
65,85,Full Name
66,1,Full Name
66,4,Full Name
66,6,Full Name
66,10,Full Name
66,11,Full Name
66,15,Full Name
66,17,Full Name
66,18,Full Name
66,20,Full Name
66,21,Full Name
66,22,Full Name
66,23,Full Name
66,25,Full Name
66,32,Full Name
66,42,Full Name
66,45,Full Name
66,54,Full Name
66,70,Full Name
66,73,Full Name
66,75,Full Name
66,77,Full Name
66,82,Full Name
66,85,Full Name
67,4,Full Name
67,6,Full Name
67,10,Full Name
67,11,Full Name
67,12,Full Name
67,14,Full Name
67,15,Full Name
67,16,Full Name
67,17,Full Name
67,18,Full Name
67,19,Full Name
67,20,Full Name
67,21,Full Name
67,22,Full Name
67,23,Full Name
67,28,Full Name
67,32,Full Name
67,34,Full Name
67,35,Full Name
67,36,Full Name
67,42,Full Name
67,45,Full Name
67,51,Full Name
67,54,Full Name
67,55,Full Name
67,61,Full Name
67,63,Full Name
67,69,Full Name
67,70,Full Name
67,72,Full Name
67,73,Full Name
67,75,Full Name
67,77,Full Name
67,79,Full Name
67,81,Full Name
67,82,Full Name
67,85,Full Name
68,1,Full Name
68,4,Full Name
68,5,Full Name
68,6,Full Name
68,7,Full Name
68,8,Full Name
68,10,Full Name
68,11,Full Name
68,12,Full Name
68,14,Full Name
68,15,Full Name
68,16,Full Name
68,17,Full Name
68,18,Full Name
68,19,Full Name
68,21,Full Name
68,22,Full Name
68,23,Full Name
68,25,Full Name
68,26,Full Name
68,28,Full Name
68,34,Full Name
68,36,Full Name
68,42,Full Name
68,45,Full Name
68,48,Full Name
68,50,Full Name
68,51,Full Name
68,54,Full Name
68,56,Full Name
68,57,Full Name
68,61,Full Name
68,69,Full Name
68,70,Full Name
68,72,Full Name
68,73,Full Name
68,75,Full Name
68,79,Full Name
68,81,Full Name
68,82,Full Name
68,85,Full Name
69,1,Full Name
69,3,Full Name
69,4,Full Name
69,5,Full Name
69,6,Full Name
69,7,Full Name
69,8,Full Name
69,9,Full Name
69,10,Full Name
69,11,Full Name
69,13,Full Name
69,14,Full Name
69,15,Full Name
69,16,Full Name
69,17,Full Name
69,18,Full Name
69,19,Full Name
69,20,Full Name
69,21,Full Name
69,22,Full Name
69,23,Full Name
69,24,Full Name
69,25,Full Name
69,27,Full Name
69,29,Full Name
69,30,Full Name
69,31,Full Name
69,32,Full Name
69,35,Full Name
69,36,Full Name
69,37,Full Name
69,38,Full Name
69,39,Full Name
69,40,Full Name
69,41,Full Name
69,42,Full Name
69,43,Full Name
69,44,Full Name
69,45,Full Name
69,48,Full Name
69,49,Full Name
69,52,Full Name
69,53,Full Name
69,55,Full Name
69,57,Full Name
69,59,Full Name
69,60,Full Name
69,61,Full Name
69,62,Full Name
69,64,Full Name
69,67,Full Name
69,68,Full Name
69,71,Full Name
69,72,Full Name
69,73,Full Name
69,74,Full Name
69,75,Full Name
69,77,Full Name
69,78,Full Name
69,79,Full Name
69,80,Full Name
69,81,Full Name
69,82,Full Name
69,83,Full Name
69,84,Full Name
69,85,Full Name
70,1,Full Name
70,2,Full Name
70,4,Full Name
70,5,Full Name
70,6,Full Name
70,7,Full Name
70,8,Full Name
70,9,Full Name
70,10,Full Name
70,11,Full Name
70,13,Full Name
70,14,Full Name
70,15,Full Name
70,16,Full Name
70,17,Full Name
70,18,Full Name
70,19,Full Name
70,20,Full Name
70,21,Full Name
70,22,Full Name
70,23,Full Name
70,24,Full Name
70,25,Full Name
70,26,Full Name
70,27,Full Name
70,29,Full Name
70,30,Full Name
70,31,Full Name
70,32,Full Name
70,33,Full Name
70,34,Full Name
70,35,Full Name
70,37,Full Name
70,38,Full Name
70,39,Full Name
70,40,Full Name
70,41,Full Name
70,43,Full Name
70,44,Full Name
70,45,Full Name
70,46,Full Name
70,48,Full Name
70,49,Full Name
70,52,Full Name
70,53,Full Name
70,54,Full Name
70,55,Full Name
70,56,Full Name
70,57,Full Name
70,59,Full Name
70,60,Full Name
70,61,Full Name
70,62,Full Name
70,63,Full Name
70,64,Full Name
70,65,Full Name
70,66,Full Name
70,67,Full Name
70,68,Full Name
70,71,Full Name
70,72,Full Name
70,73,Full Name
70,74,Full Name
70,75,Full Name
70,77,Full Name
70,78,Full Name
70,79,Full Name
70,80,Full Name
70,81,Full Name
70,82,Full Name
70,83,Full Name
70,84,Full Name
70,85,Full Name
71,1,Full Name
71,4,Full Name
71,5,Full Name
71,6,Full Name
71,8,Full Name
71,10,Full Name
71,11,Full Name
71,13,Full Name
71,14,Full Name
71,15,Full Name
71,16,Full Name
71,17,Full Name
71,18,Full Name
71,20,Full Name
71,21,Full Name
71,22,Full Name
71,23,Full Name
71,24,Full Name
71,25,Full Name
71,30,Full Name
71,31,Full Name
71,32,Full Name
71,34,Full Name
71,38,Full Name
71,44,Full Name
71,45,Full Name
71,46,Full Name
71,48,Full Name
71,51,Full Name
71,52,Full Name
71,56,Full Name
71,57,Full Name
71,61,Full Name
71,65,Full Name
71,69,Full Name
71,70,Full Name
71,72,Full Name
71,73,Full Name
71,75,Full Name
71,79,Full Name
71,80,Full Name
71,82,Full Name
71,84,Full Name
71,85,Full Name
72,1,Full Name
72,4,Full Name
72,5,Full Name
72,8,Full Name
72,9,Full Name
72,10,Full Name
72,11,Full Name
72,12,Full Name
72,13,Full Name
72,17,Full Name
72,18,Full Name
72,20,Full Name
72,21,Full Name
72,22,Full Name
72,23,Full Name
72,25,Full Name
72,27,Full Name
72,29,Full Name
72,32,Full Name
72,33,Full Name
72,34,Full Name
72,35,Full Name
72,37,Full Name
72,39,Full Name
72,40,Full Name
72,42,Full Name
72,43,Full Name
72,45,Full Name
72,46,Full Name
72,48,Full Name
72,49,Full Name
72,51,Full Name
72,52,Full Name
72,53,Full Name
72,55,Full Name
72,57,Full Name
72,60,Full Name
72,61,Full Name
72,62,Full Name
72,64,Full Name
72,65,Full Name
72,67,Full Name
72,68,Full Name
72,69,Full Name
72,70,Full Name
72,71,Full Name
72,73,Full Name
72,74,Full Name
72,75,Full Name
72,76,Full Name
72,79,Full Name
72,80,Full Name
72,81,Full Name
72,82,Full Name
72,84,Full Name
72,85,Full Name
73,1,Full Name
73,2,Full Name
73,3,Full Name
73,4,Full Name
73,5,Full Name
73,6,Full Name
73,7,Full Name
73,8,Full Name
73,9,Full Name
73,10,Full Name
73,11,Full Name
73,12,Full Name
73,13,Full Name
73,14,Full Name
73,15,Full Name
73,16,Full Name
73,17,Full Name
73,19,Full Name
73,20,Full Name
73,21,Full Name
73,22,Full Name
73,23,Full Name
73,24,Full Name
73,25,Full Name
73,26,Full Name
73,27,Full Name
73,28,Full Name
73,29,Full Name
73,30,Full Name
73,31,Full Name
73,32,Full Name
73,33,Full Name
73,35,Full Name
73,36,Full Name
73,37,Full Name
73,38,Full Name
73,39,Full Name
73,40,Full Name
73,41,Full Name
73,42,Full Name
73,43,Full Name
73,44,Full Name
73,45,Full Name
73,46,Full Name
73,47,Full Name
73,48,Full Name
73,49,Full Name
73,50,Full Name
73,51,Full Name
73,52,Full Name
73,53,Full Name
73,54,Full Name
73,55,Full Name
73,56,Full Name
73,57,Full Name
73,58,Full Name
73,59,Full Name
73,60,Full Name
73,61,Full Name
73,62,Full Name
73,63,Full Name
73,64,Full Name
73,65,Full Name
73,66,Full Name
73,67,Full Name
73,68,Full Name
73,69,Full Name
73,70,Full Name
73,71,Full Name
73,72,Full Name
73,74,Full Name
73,75,Full Name
73,76,Full Name
73,77,Full Name
73,78,Full Name
73,79,Full Name
73,80,Full Name
73,81,Full Name
73,82,Full Name
73,83,Full Name
73,84,Full Name
73,85,Full Name
74,1,Full Name
74,4,Full Name
74,6,Full Name
74,7,Full Name
74,8,Full Name
74,10,Full Name
74,11,Full Name
74,12,Full Name
74,14,Full Name
74,15,Full Name
74,16,Full Name
74,17,Full Name
74,18,Full Name
74,19,Full Name
74,20,Full Name
74,21,Full Name
74,22,Full Name
74,23,Full Name
74,24,Full Name
74,25,Full Name
74,28,Full Name
74,31,Full Name
74,32,Full Name
74,34,Full Name
74,38,Full Name
74,45,Full Name
74,47,Full Name
74,48,Full Name
74,51,Full Name
74,54,Full Name
74,55,Full Name
74,56,Full Name
74,57,Full Name
74,58,Full Name
74,61,Full Name
74,69,Full Name
74,70,Full Name
74,72,Full Name
74,73,Full Name
74,75,Full Name
74,79,Full Name
74,82,Full Name
74,84,Full Name
74,85,Full Name
75,1,Full Name
75,2,Full Name
75,4,Full Name
75,5,Full Name
75,6,Full Name
75,7,Full Name
75,8,Full Name
75,9,Full Name
75,10,Full Name
75,11,Full Name
75,12,Full Name
75,13,Full Name
75,14,Full Name
75,16,Full Name
75,17,Full Name
75,18,Full Name
75,20,Full Name
75,21,Full Name
75,22,Full Name
75,23,Full Name
75,24,Full Name
75,25,Full Name
75,26,Full Name
75,27,Full Name
75,28,Full Name
75,29,Full Name
75,30,Full Name
75,31,Full Name
75,32,Full Name
75,33,Full Name
75,35,Full Name
75,36,Full Name
75,37,Full Name
75,38,Full Name
75,39,Full Name
75,40,Full Name
75,41,Full Name
75,42,Full Name
75,43,Full Name
75,44,Full Name
75,45,Full Name
75,46,Full Name
75,48,Full Name
75,49,Full Name
75,50,Full Name
75,51,Full Name
75,52,Full Name
75,53,Full Name
75,54,Full Name
75,55,Full Name
75,56,Full Name
75,57,Full Name
75,58,Full Name
75,59,Full Name
75,60,Full Name
75,61,Full Name
75,62,Full Name
75,64,Full Name
75,65,Full Name
75,66,Full Name
75,67,Full Name
75,68,Full Name
75,69,Full Name
75,70,Full Name
75,71,Full Name
75,72,Full Name
75,73,Full Name
75,74,Full Name
75,76,Full Name
75,79,Full Name
75,80,Full Name
75,81,Full Name
75,82,Full Name
75,83,Full Name
75,84,Full Name
75,85,Full Name
76,1,Full Name
76,4,Full Name
76,5,Full Name
76,6,Full Name
76,11,Full Name
76,13,Full Name
76,14,Full Name
76,17,Full Name
76,18,Full Name
76,20,Full Name
76,22,Full Name
76,23,Full Name
76,25,Full Name
76,32,Full Name
76,35,Full Name
76,45,Full Name
76,53,Full Name
76,54,Full Name
76,57,Full Name
76,72,Full Name
76,73,Full Name
76,75,Full Name
76,79,Full Name
76,82,Full Name
76,84,Full Name
76,85,Full Name
77,1,Full Name
77,4,Full Name
77,5,Full Name
77,6,Full Name
77,7,Full Name
77,8,Full Name
77,9,Full Name
77,10,Full Name
77,11,Full Name
77,13,Full Name
77,14,Full Name
77,16,Full Name
77,17,Full Name
77,18,Full Name
77,21,Full Name
77,22,Full Name
77,23,Full Name
77,25,Full Name
77,26,Full Name
77,27,Full Name
77,28,Full Name
77,29,Full Name
77,36,Full Name
77,37,Full Name
77,40,Full Name
77,41,Full Name
77,43,Full Name
77,44,Full Name
77,45,Full Name
77,48,Full Name
77,49,Full Name
77,50,Full Name
77,51,Full Name
77,54,Full Name
77,55,Full Name
77,56,Full Name
77,57,Full Name
77,58,Full Name
77,60,Full Name
77,61,Full Name
77,64,Full Name
77,65,Full Name
77,66,Full Name
77,67,Full Name
77,69,Full Name
77,70,Full Name
77,73,Full Name
77,79,Full Name
77,80,Full Name
77,81,Full Name
77,82,Full Name
77,84,Full Name
77,85,Full Name
78,1,Full Name
78,4,Full Name
78,6,Full Name
78,8,Full Name
78,10,Full Name
78,11,Full Name
78,14,Full Name
78,17,Full Name
78,18,Full Name
78,22,Full Name
78,23,Full Name
78,25,Full Name
78,27,Full Name
78,37,Full Name
78,45,Full Name
78,49,Full Name
78,54,Full Name
78,55,Full Name
78,57,Full Name
78,60,Full Name
78,61,Full Name
78,62,Full Name
78,69,Full Name
78,70,Full Name
78,73,Full Name
78,79,Full Name
78,81,Full Name
78,82,Full Name
78,84,Full Name
78,85,Full Name
79,1,Full Name
79,2,Full Name
79,3,Full Name
79,4,Full Name
79,5,Full Name
79,6,Full Name
79,7,Full Name
79,8,Full Name
79,9,Full Name
79,10,Full Name
79,12,Full Name
79,13,Full Name
79,15,Full Name
79,16,Full Name
79,17,Full Name
79,18,Full Name
79,20,Full Name
79,21,Full Name
79,22,Full Name
79,23,Full Name
79,24,Full Name
79,25,Full Name
79,26,Full Name
79,29,Full Name
79,31,Full Name
79,32,Full Name
79,33,Full Name
79,34,Full Name
79,35,Full Name
79,37,Full Name
79,38,Full Name
79,39,Full Name
79,42,Full Name
79,43,Full Name
79,44,Full Name
79,45,Full Name
79,46,Full Name
79,47,Full Name
79,48,Full Name
79,49,Full Name
79,50,Full Name
79,51,Full Name
79,52,Full Name
79,53,Full Name
79,54,Full Name
79,55,Full Name
79,57,Full Name
79,58,Full Name
79,59,Full Name
79,60,Full Name
79,61,Full Name
79,62,Full Name
79,63,Full Name
79,67,Full Name
79,68,Full Name
79,69,Full Name
79,70,Full Name
79,71,Full Name
79,72,Full Name
79,73,Full Name
79,74,Full Name
79,75,Full Name
79,76,Full Name
79,77,Full Name
79,78,Full Name
79,80,Full Name
79,81,Full Name
79,82,Full Name
79,83,Full Name
79,84,Full Name
79,85,Full Name
80,5,Full Name
80,6,Full Name
80,11,Full Name
80,12,Full Name
80,13,Full Name
80,14,Full Name
80,15,Full Name
80,16,Full Name
80,18,Full Name
80,19,Full Name
80,20,Full Name
80,21,Full Name
80,22,Full Name
80,28,Full Name
80,29,Full Name
80,33,Full Name
80,34,Full Name
80,35,Full Name
80,36,Full Name
80,42,Full Name
80,44,Full Name
80,47,Full Name
80,51,Full Name
80,54,Full Name
80,58,Full Name
80,63,Full Name
80,65,Full Name
80,69,Full Name
80,70,Full Name
80,71,Full Name
80,72,Full Name
80,73,Full Name
80,75,Full Name
80,77,Full Name
80,79,Full Name
80,85,Full Name
81,1,Full Name
81,5,Full Name
81,6,Full Name
81,11,Full Name
81,13,Full Name
81,14,Full Name
81,15,Full Name
81,16,Full Name
81,18,Full Name
81,20,Full Name
81,21,Full Name
81,22,Full Name
81,23,Full Name
81,24,Full Name
81,25,Full Name
81,28,Full Name
81,29,Full Name
81,30,Full Name
81,31,Full Name
81,32,Full Name
81,33,Full Name
81,34,Full Name
81,35,Full Name
81,36,Full Name
81,38,Full Name
81,41,Full Name
81,44,Full Name
81,45,Full Name
81,46,Full Name
81,47,Full Name
81,53,Full Name
81,54,Full Name
81,56,Full Name
81,58,Full Name
81,62,Full Name
81,63,Full Name
81,65,Full Name
81,67,Full Name
81,68,Full Name
81,69,Full Name
81,70,Full Name
81,72,Full Name
81,73,Full Name
81,75,Full Name
81,77,Full Name
81,78,Full Name
81,79,Full Name
81,82,Full Name
81,83,Full Name
81,85,Full Name
82,2,Full Name
82,3,Full Name
82,5,Full Name
82,6,Full Name
82,7,Full Name
82,11,Full Name
82,12,Full Name
82,13,Full Name
82,14,Full Name
82,15,Full Name
82,16,Full Name
82,18,Full Name
82,19,Full Name
82,20,Full Name
82,21,Full Name
82,22,Full Name
82,24,Full Name
82,26,Full Name
82,27,Full Name
82,28,Full Name
82,29,Full Name
82,30,Full Name
82,31,Full Name
82,32,Full Name
82,33,Full Name
82,34,Full Name
82,35,Full Name
82,36,Full Name
82,38,Full Name
82,39,Full Name
82,40,Full Name
82,41,Full Name
82,42,Full Name
82,43,Full Name
82,44,Full Name
82,46,Full Name
82,47,Full Name
82,48,Full Name
82,50,Full Name
82,51,Full Name
82,54,Full Name
82,55,Full Name
82,56,Full Name
82,58,Full Name
82,60,Full Name
82,61,Full Name
82,62,Full Name
82,63,Full Name
82,64,Full Name
82,65,Full Name
82,66,Full Name
82,67,Full Name
82,68,Full Name
82,69,Full Name
82,70,Full Name
82,71,Full Name
82,72,Full Name
82,73,Full Name
82,74,Full Name
82,75,Full Name
82,76,Full Name
82,77,Full Name
82,78,Full Name
82,79,Full Name
82,81,Full Name
82,83,Full Name
82,85,Full Name
83,4,Full Name
83,6,Full Name
83,7,Full Name
83,8,Full Name
83,11,Full Name
83,12,Full Name
83,13,Full Name
83,14,Full Name
83,15,Full Name
83,16,Full Name
83,17,Full Name
83,18,Full Name
83,19,Full Name
83,20,Full Name
83,21,Full Name
83,22,Full Name
83,23,Full Name
83,26,Full Name
83,27,Full Name
83,34,Full Name
83,36,Full Name
83,41,Full Name
83,45,Full Name
83,47,Full Name
83,48,Full Name
83,49,Full Name
83,51,Full Name
83,54,Full Name
83,55,Full Name
83,56,Full Name
83,57,Full Name
83,58,Full Name
83,60,Full Name
83,61,Full Name
83,64,Full Name
83,65,Full Name
83,69,Full Name
83,70,Full Name
83,73,Full Name
83,75,Full Name
83,79,Full Name
83,81,Full Name
83,82,Full Name
83,84,Full Name
83,85,Full Name
84,2,Full Name
84,5,Full Name
84,6,Full Name
84,11,Full Name
84,12,Full Name
84,13,Full Name
84,14,Full Name
84,15,Full Name
84,16,Full Name
84,18,Full Name
84,19,Full Name
84,20,Full Name
84,21,Full Name
84,22,Full Name
84,24,Full Name
84,26,Full Name
84,28,Full Name
84,29,Full Name
84,30,Full Name
84,32,Full Name
84,33,Full Name
84,34,Full Name
84,35,Full Name
84,36,Full Name
84,42,Full Name
84,44,Full Name
84,46,Full Name
84,47,Full Name
84,50,Full Name
84,51,Full Name
84,54,Full Name
84,56,Full Name
84,58,Full Name
84,59,Full Name
84,63,Full Name
84,64,Full Name
84,65,Full Name
84,69,Full Name
84,70,Full Name
84,71,Full Name
84,72,Full Name
84,73,Full Name
84,74,Full Name
84,75,Full Name
84,76,Full Name
84,77,Full Name
84,78,Full Name
84,79,Full Name
84,83,Full Name
84,85,Full Name
85,1,Full Name
85,3,Full Name
85,4,Full Name
85,6,Full Name
85,7,Full Name
85,8,Full Name
85,9,Full Name
85,10,Full Name
85,11,Full Name
85,12,Full Name
85,13,Full Name
85,14,Full Name
85,15,Full Name
85,16,Full Name
85,17,Full Name
85,18,Full Name
85,19,Full Name
85,20,Full Name
85,21,Full Name
85,23,Full Name
85,24,Full Name
85,25,Full Name
85,26,Full Name
85,27,Full Name
85,28,Full Name
85,29,Full Name
85,30,Full Name
85,31,Full Name
85,32,Full Name
85,33,Full Name
85,34,Full Name
85,36,Full Name
85,37,Full Name
85,38,Full Name
85,39,Full Name
85,40,Full Name
85,41,Full Name
85,43,Full Name
85,44,Full Name
85,45,Full Name
85,46,Full Name
85,48,Full Name
85,49,Full Name
85,50,Full Name
85,51,Full Name
85,52,Full Name
85,53,Full Name
85,54,Full Name
85,55,Full Name
85,56,Full Name
85,57,Full Name
85,58,Full Name
85,59,Full Name
85,60,Full Name
85,61,Full Name
85,62,Full Name
85,64,Full Name
85,65,Full Name
85,66,Full Name
85,67,Full Name
85,68,Full Name
85,69,Full Name
85,70,Full Name
85,71,Full Name
85,72,Full Name
85,73,Full Name
85,74,Full Name
85,75,Full Name
85,76,Full Name
85,77,Full Name
85,78,Full Name
85,79,Full Name
85,80,Full Name
85,81,Full Name
85,82,Full Name
85,83,Full Name
85,84,Full Name
1,39,Hire Date
8,28,Hire Date
8,36,Hire Date
8,39,Hire Date
8,84,Hire Date
9,28,Hire Date
9,36,Hire Date
9,39,Hire Date
9,84,Hire Date
13,39,Hire Date
14,39,Hire Date
17,25,Hire Date
17,28,Hire Date
17,36,Hire Date
17,39,Hire Date
17,84,Hire Date
18,28,Hire Date
18,36,Hire Date
18,39,Hire Date
21,39,Hire Date
22,25,Hire Date
22,28,Hire Date
22,36,Hire Date
22,39,Hire Date
22,84,Hire Date
24,28,Hire Date
24,39,Hire Date
24,84,Hire Date
25,17,Hire Date
25,22,Hire Date
25,33,Hire Date
25,35,Hire Date
25,72,Hire Date
28,8,Hire Date
28,9,Hire Date
28,17,Hire Date
28,18,Hire Date
28,22,Hire Date
28,24,Hire Date
28,29,Hire Date
28,33,Hire Date
28,35,Hire Date
28,41,Hire Date
28,47,Hire Date
28,55,Hire Date
28,59,Hire Date
28,61,Hire Date
28,72,Hire Date
29,28,Hire Date
29,36,Hire Date
29,39,Hire Date
29,84,Hire Date
30,39,Hire Date
33,25,Hire Date
33,28,Hire Date
33,36,Hire Date
33,39,Hire Date
33,84,Hire Date
34,36,Hire Date
34,39,Hire Date
34,84,Hire Date
35,25,Hire Date
35,28,Hire Date
35,36,Hire Date
35,39,Hire Date
35,84,Hire Date
36,8,Hire Date
36,9,Hire Date
36,17,Hire Date
36,18,Hire Date
36,22,Hire Date
36,29,Hire Date
36,33,Hire Date
36,34,Hire Date
36,35,Hire Date
36,41,Hire Date
36,47,Hire Date
36,55,Hire Date
36,59,Hire Date
36,61,Hire Date
36,72,Hire Date
36,74,Hire Date
39,8,Hire Date
39,9,Hire Date
39,13,Hire Date
39,14,Hire Date
39,17,Hire Date
39,18,Hire Date
39,21,Hire Date
39,22,Hire Date
39,24,Hire Date
39,29,Hire Date
39,30,Hire Date
39,33,Hire Date
39,34,Hire Date
39,35,Hire Date
39,41,Hire Date
39,45,Hire Date
39,46,Hire Date
39,47,Hire Date
39,55,Hire Date
39,56,Hire Date
39,57,Hire Date
39,59,Hire Date
39,72,Hire Date
39,74,Hire Date
41,28,Hire Date
41,36,Hire Date
41,39,Hire Date
41,84,Hire Date
45,39,Hire Date
46,39,Hire Date
47,28,Hire Date
47,36,Hire Date
47,39,Hire Date
47,84,Hire Date
55,28,Hire Date
55,36,Hire Date
55,39,Hire Date
56,39,Hire Date
56,84,Hire Date
57,39,Hire Date
59,28,Hire Date
59,36,Hire Date
59,39,Hire Date
59,84,Hire Date
61,28,Hire Date
61,36,Hire Date
72,25,Hire Date
72,28,Hire Date
72,36,Hire Date
72,39,Hire Date
72,84,Hire Date
74,36,Hire Date
74,39,Hire Date
74,84,Hire Date
84,8,Hire Date
84,9,Hire Date
84,17,Hire Date
84,22,Hire Date
84,24,Hire Date
84,29,Hire Date
84,33,Hire Date
84,34,Hire Date
84,35,Hire Date
84,41,Hire Date
84,47,Hire Date
84,56,Hire Date
84,59,Hire Date
84,72,Hire Date
84,74,Hire Date
84,85,Hire Date
85,84,Hire Date
1,1,Annual Salary
1,10,Annual Salary
1,32,Annual Salary
1,37,Annual Salary
1,44,Annual Salary
1,49,Annual Salary
1,65,Annual Salary
1,85,Annual Salary
2,1,Annual Salary
2,10,Annual Salary
2,32,Annual Salary
2,49,Annual Salary
2,65,Annual Salary
3,1,Annual Salary
3,8,Annual Salary
3,13,Annual Salary
3,50,Annual Salary
3,53,Annual Salary
3,59,Annual Salary
3,78,Annual Salary
5,1,Annual Salary
5,10,Annual Salary
5,49,Annual Salary
6,43,Annual Salary
7,1,Annual Salary
7,83,Annual Salary
8,1,Annual Salary
8,3,Annual Salary
8,10,Annual Salary
8,12,Annual Salary
8,15,Annual Salary
8,16,Annual Salary
8,20,Annual Salary
8,25,Annual Salary
8,31,Annual Salary
8,37,Annual Salary
8,40,Annual Salary
8,43,Annual Salary
8,44,Annual Salary
8,49,Annual Salary
8,65,Annual Salary
8,75,Annual Salary
8,83,Annual Salary
9,10,Annual Salary
9,49,Annual Salary
9,65,Annual Salary
10,1,Annual Salary
10,2,Annual Salary
10,5,Annual Salary
10,6,Annual Salary
10,8,Annual Salary
10,9,Annual Salary
10,11,Annual Salary
10,12,Annual Salary
10,13,Annual Salary
10,14,Annual Salary
10,15,Annual Salary
10,16,Annual Salary
10,18,Annual Salary
10,19,Annual Salary
10,20,Annual Salary
10,21,Annual Salary
10,23,Annual Salary
10,24,Annual Salary
10,25,Annual Salary
10,28,Annual Salary
10,29,Annual Salary
10,31,Annual Salary
10,33,Annual Salary
10,34,Annual Salary
10,35,Annual Salary
10,38,Annual Salary
10,40,Annual Salary
10,42,Annual Salary
10,43,Annual Salary
10,45,Annual Salary
10,46,Annual Salary
10,47,Annual Salary
10,48,Annual Salary
10,50,Annual Salary
10,51,Annual Salary
10,52,Annual Salary
10,53,Annual Salary
10,55,Annual Salary
10,56,Annual Salary
10,58,Annual Salary
10,59,Annual Salary
10,60,Annual Salary
10,61,Annual Salary
10,62,Annual Salary
10,63,Annual Salary
10,66,Annual Salary
10,68,Annual Salary
10,69,Annual Salary
10,71,Annual Salary
10,72,Annual Salary
10,73,Annual Salary
10,74,Annual Salary
10,75,Annual Salary
10,76,Annual Salary
10,78,Annual Salary
10,79,Annual Salary
10,83,Annual Salary
11,10,Annual Salary
11,37,Annual Salary
11,49,Annual Salary
11,65,Annual Salary
11,73,Annual Salary
11,85,Annual Salary
12,1,Annual Salary
12,8,Annual Salary
12,10,Annual Salary
12,32,Annual Salary
12,39,Annual Salary
12,49,Annual Salary
12,65,Annual Salary
12,85,Annual Salary
13,1,Annual Salary
13,3,Annual Salary
13,10,Annual Salary
13,14,Annual Salary
13,27,Annual Salary
13,32,Annual Salary
13,37,Annual Salary
13,42,Annual Salary
13,44,Annual Salary
13,49,Annual Salary
13,65,Annual Salary
13,67,Annual Salary
13,80,Annual Salary
13,83,Annual Salary
13,85,Annual Salary
14,10,Annual Salary
14,13,Annual Salary
14,15,Annual Salary
14,16,Annual Salary
14,25,Annual Salary
14,28,Annual Salary
14,29,Annual Salary
14,31,Annual Salary
14,35,Annual Salary
14,38,Annual Salary
14,40,Annual Salary
14,43,Annual Salary
14,44,Annual Salary
14,47,Annual Salary
14,49,Annual Salary
14,50,Annual Salary
14,51,Annual Salary
14,52,Annual Salary
14,53,Annual Salary
14,59,Annual Salary
14,63,Annual Salary
14,64,Annual Salary
14,67,Annual Salary
14,69,Annual Salary
14,77,Annual Salary
14,78,Annual Salary
14,79,Annual Salary
15,1,Annual Salary
15,8,Annual Salary
15,10,Annual Salary
15,14,Annual Salary
15,32,Annual Salary
15,37,Annual Salary
15,44,Annual Salary
15,49,Annual Salary
15,65,Annual Salary
15,67,Annual Salary
15,73,Annual Salary
15,83,Annual Salary
15,85,Annual Salary
16,1,Annual Salary
16,8,Annual Salary
16,10,Annual Salary
16,14,Annual Salary
16,22,Annual Salary
16,49,Annual Salary
17,1,Annual Salary
17,43,Annual Salary
18,1,Annual Salary
18,10,Annual Salary
18,37,Annual Salary
18,49,Annual Salary
18,83,Annual Salary
19,1,Annual Salary
19,10,Annual Salary
19,32,Annual Salary
19,37,Annual Salary
19,39,Annual Salary
19,49,Annual Salary
19,65,Annual Salary
19,83,Annual Salary
19,85,Annual Salary
20,1,Annual Salary
20,8,Annual Salary
20,10,Annual Salary
20,69,Annual Salary
20,73,Annual Salary
21,10,Annual Salary
22,1,Annual Salary
22,16,Annual Salary
22,31,Annual Salary
22,37,Annual Salary
22,43,Annual Salary
22,49,Annual Salary
22,75,Annual Salary
22,83,Annual Salary
23,1,Annual Salary
23,10,Annual Salary
23,49,Annual Salary
23,65,Annual Salary
23,83,Annual Salary
24,1,Annual Salary
24,10,Annual Salary
24,32,Annual Salary
24,37,Annual Salary
24,44,Annual Salary
24,49,Annual Salary
24,64,Annual Salary
24,65,Annual Salary
25,1,Annual Salary
25,8,Annual Salary
25,10,Annual Salary
25,14,Annual Salary
25,49,Annual Salary
25,65,Annual Salary
26,50,Annual Salary
27,13,Annual Salary
27,43,Annual Salary
27,50,Annual Salary
27,53,Annual Salary
28,1,Annual Salary
28,10,Annual Salary
28,14,Annual Salary
28,49,Annual Salary
28,65,Annual Salary
28,83,Annual Salary
29,1,Annual Salary
29,10,Annual Salary
29,14,Annual Salary
29,32,Annual Salary
29,37,Annual Salary
29,42,Annual Salary
29,44,Annual Salary
29,49,Annual Salary
29,65,Annual Salary
29,83,Annual Salary
29,85,Annual Salary
30,50,Annual Salary
30,53,Annual Salary
31,1,Annual Salary
31,8,Annual Salary
31,10,Annual Salary
31,14,Annual Salary
31,22,Annual Salary
31,32,Annual Salary
31,49,Annual Salary
31,65,Annual Salary
31,67,Annual Salary
31,73,Annual Salary
31,85,Annual Salary
32,1,Annual Salary
32,2,Annual Salary
32,12,Annual Salary
32,13,Annual Salary
32,15,Annual Salary
32,19,Annual Salary
32,24,Annual Salary
32,29,Annual Salary
32,31,Annual Salary
32,35,Annual Salary
32,40,Annual Salary
32,43,Annual Salary
32,47,Annual Salary
32,50,Annual Salary
32,53,Annual Salary
32,59,Annual Salary
32,68,Annual Salary
32,71,Annual Salary
32,78,Annual Salary
33,10,Annual Salary
33,37,Annual Salary
33,49,Annual Salary
33,65,Annual Salary
34,1,Annual Salary
34,10,Annual Salary
34,43,Annual Salary
35,1,Annual Salary
35,10,Annual Salary
35,14,Annual Salary
35,32,Annual Salary
35,49,Annual Salary
35,65,Annual Salary
35,75,Annual Salary
35,83,Annual Salary
36,53,Annual Salary
37,8,Annual Salary
37,11,Annual Salary
37,13,Annual Salary
37,15,Annual Salary
37,18,Annual Salary
37,19,Annual Salary
37,22,Annual Salary
37,24,Annual Salary
37,29,Annual Salary
37,33,Annual Salary
37,38,Annual Salary
37,43,Annual Salary
37,47,Annual Salary
37,50,Annual Salary
37,52,Annual Salary
37,53,Annual Salary
37,59,Annual Salary
37,68,Annual Salary
37,69,Annual Salary
37,78,Annual Salary
38,1,Annual Salary
38,10,Annual Salary
38,14,Annual Salary
38,37,Annual Salary
38,49,Annual Salary
38,65,Annual Salary
38,75,Annual Salary
38,83,Annual Salary
39,1,Annual Salary
39,12,Annual Salary
39,19,Annual Salary
39,73,Annual Salary
40,1,Annual Salary
40,8,Annual Salary
40,10,Annual Salary
40,14,Annual Salary
40,32,Annual Salary
40,47,Annual Salary
40,49,Annual Salary
40,65,Annual Salary
40,67,Annual Salary
40,80,Annual Salary
41,49,Annual Salary
42,10,Annual Salary
42,13,Annual Salary
42,29,Annual Salary
42,43,Annual Salary
42,47,Annual Salary
42,50,Annual Salary
42,53,Annual Salary
42,59,Annual Salary
42,68,Annual Salary
42,78,Annual Salary
43,1,Annual Salary
43,8,Annual Salary
43,10,Annual Salary
43,14,Annual Salary
43,17,Annual Salary
43,22,Annual Salary
43,27,Annual Salary
43,32,Annual Salary
43,34,Annual Salary
43,37,Annual Salary
43,42,Annual Salary
43,44,Annual Salary
43,47,Annual Salary
43,49,Annual Salary
43,65,Annual Salary
43,67,Annual Salary
43,69,Annual Salary
43,73,Annual Salary
43,80,Annual Salary
43,82,Annual Salary
43,84,Annual Salary
43,85,Annual Salary
44,8,Annual Salary
44,13,Annual Salary
44,14,Annual Salary
44,15,Annual Salary
44,24,Annual Salary
44,29,Annual Salary
44,43,Annual Salary
44,47,Annual Salary
44,50,Annual Salary
44,53,Annual Salary
44,59,Annual Salary
44,68,Annual Salary
44,76,Annual Salary
44,78,Annual Salary
45,10,Annual Salary
45,49,Annual Salary
45,65,Annual Salary
46,10,Annual Salary
46,49,Annual Salary
47,1,Annual Salary
47,10,Annual Salary
47,14,Annual Salary
47,32,Annual Salary
47,37,Annual Salary
47,40,Annual Salary
47,42,Annual Salary
47,43,Annual Salary
47,44,Annual Salary
47,49,Annual Salary
47,65,Annual Salary
47,75,Annual Salary
47,83,Annual Salary
48,10,Annual Salary
48,49,Annual Salary
49,2,Annual Salary
49,5,Annual Salary
49,8,Annual Salary
49,9,Annual Salary
49,11,Annual Salary
49,12,Annual Salary
49,13,Annual Salary
49,14,Annual Salary
49,15,Annual Salary
49,16,Annual Salary
49,18,Annual Salary
49,19,Annual Salary
49,22,Annual Salary
49,23,Annual Salary
49,24,Annual Salary
49,25,Annual Salary
49,28,Annual Salary
49,29,Annual Salary
49,31,Annual Salary
49,33,Annual Salary
49,35,Annual Salary
49,38,Annual Salary
49,40,Annual Salary
49,41,Annual Salary
49,43,Annual Salary
49,45,Annual Salary
49,46,Annual Salary
49,47,Annual Salary
49,48,Annual Salary
49,50,Annual Salary
49,51,Annual Salary
49,52,Annual Salary
49,53,Annual Salary
49,55,Annual Salary
49,56,Annual Salary
49,59,Annual Salary
49,60,Annual Salary
49,61,Annual Salary
49,62,Annual Salary
49,63,Annual Salary
49,68,Annual Salary
49,69,Annual Salary
49,71,Annual Salary
49,73,Annual Salary
49,74,Annual Salary
49,76,Annual Salary
49,77,Annual Salary
49,78,Annual Salary
49,79,Annual Salary
50,1,Annual Salary
50,3,Annual Salary
50,10,Annual Salary
50,14,Annual Salary
50,26,Annual Salary
50,27,Annual Salary
50,30,Annual Salary
50,32,Annual Salary
50,37,Annual Salary
50,42,Annual Salary
50,44,Annual Salary
50,49,Annual Salary
50,65,Annual Salary
50,73,Annual Salary
50,75,Annual Salary
50,80,Annual Salary
50,82,Annual Salary
50,83,Annual Salary
50,84,Annual Salary
50,85,Annual Salary
51,1,Annual Salary
51,10,Annual Salary
51,14,Annual Salary
51,49,Annual Salary
52,1,Annual Salary
52,10,Annual Salary
52,14,Annual Salary
52,37,Annual Salary
52,49,Annual Salary
52,65,Annual Salary
52,83,Annual Salary
53,1,Annual Salary
53,3,Annual Salary
53,10,Annual Salary
53,14,Annual Salary
53,27,Annual Salary
53,30,Annual Salary
53,32,Annual Salary
53,36,Annual Salary
53,37,Annual Salary
53,42,Annual Salary
53,44,Annual Salary
53,49,Annual Salary
53,65,Annual Salary
53,73,Annual Salary
53,75,Annual Salary
53,80,Annual Salary
53,83,Annual Salary
53,85,Annual Salary
55,1,Annual Salary
55,10,Annual Salary
55,49,Annual Salary
55,65,Annual Salary
56,1,Annual Salary
56,10,Annual Salary
56,49,Annual Salary
56,65,Annual Salary
56,83,Annual Salary
58,10,Annual Salary
59,1,Annual Salary
59,3,Annual Salary
59,10,Annual Salary
59,14,Annual Salary
59,32,Annual Salary
59,37,Annual Salary
59,42,Annual Salary
59,44,Annual Salary
59,49,Annual Salary
59,65,Annual Salary
59,80,Annual Salary
59,83,Annual Salary
59,85,Annual Salary
60,1,Annual Salary
60,10,Annual Salary
60,49,Annual Salary
60,65,Annual Salary
61,10,Annual Salary
61,49,Annual Salary
61,65,Annual Salary
62,1,Annual Salary
62,10,Annual Salary
62,49,Annual Salary
63,1,Annual Salary
63,10,Annual Salary
63,14,Annual Salary
63,49,Annual Salary
63,65,Annual Salary
63,83,Annual Salary
64,14,Annual Salary
64,24,Annual Salary
65,1,Annual Salary
65,2,Annual Salary
65,8,Annual Salary
65,9,Annual Salary
65,11,Annual Salary
65,12,Annual Salary
65,13,Annual Salary
65,15,Annual Salary
65,19,Annual Salary
65,23,Annual Salary
65,24,Annual Salary
65,25,Annual Salary
65,28,Annual Salary
65,29,Annual Salary
65,31,Annual Salary
65,33,Annual Salary
65,35,Annual Salary
65,38,Annual Salary
65,40,Annual Salary
65,43,Annual Salary
65,45,Annual Salary
65,47,Annual Salary
65,50,Annual Salary
65,52,Annual Salary
65,53,Annual Salary
65,55,Annual Salary
65,56,Annual Salary
65,59,Annual Salary
65,60,Annual Salary
65,61,Annual Salary
65,63,Annual Salary
65,68,Annual Salary
65,71,Annual Salary
65,73,Annual Salary
65,76,Annual Salary
65,78,Annual Salary
66,10,Annual Salary
67,1,Annual Salary
67,13,Annual Salary
67,14,Annual Salary
67,15,Annual Salary
67,31,Annual Salary
67,40,Annual Salary
67,43,Annual Salary
67,76,Annual Salary
68,1,Annual Salary
68,10,Annual Salary
68,32,Annual Salary
68,37,Annual Salary
68,42,Annual Salary
68,44,Annual Salary
68,49,Annual Salary
68,65,Annual Salary
68,83,Annual Salary
68,85,Annual Salary
69,1,Annual Salary
69,10,Annual Salary
69,14,Annual Salary
69,20,Annual Salary
69,37,Annual Salary
69,43,Annual Salary
69,49,Annual Salary
69,75,Annual Salary
69,76,Annual Salary
69,83,Annual Salary
71,1,Annual Salary
71,10,Annual Salary
71,32,Annual Salary
71,49,Annual Salary
71,65,Annual Salary
72,10,Annual Salary
73,1,Annual Salary
73,10,Annual Salary
73,11,Annual Salary
73,15,Annual Salary
73,20,Annual Salary
73,31,Annual Salary
73,39,Annual Salary
73,43,Annual Salary
73,49,Annual Salary
73,50,Annual Salary
73,53,Annual Salary
73,65,Annual Salary
73,75,Annual Salary
73,83,Annual Salary
74,1,Annual Salary
74,10,Annual Salary
74,49,Annual Salary
75,8,Annual Salary
75,10,Annual Salary
75,22,Annual Salary
75,35,Annual Salary
75,38,Annual Salary
75,47,Annual Salary
75,50,Annual Salary
75,53,Annual Salary
75,69,Annual Salary
75,73,Annual Salary
75,78,Annual Salary
76,1,Annual Salary
76,10,Annual Salary
76,44,Annual Salary
76,49,Annual Salary
76,65,Annual Salary
76,67,Annual Salary
76,69,Annual Salary
76,79,Annual Salary
77,1,Annual Salary
77,14,Annual Salary
77,49,Annual Salary
78,1,Annual Salary
78,3,Annual Salary
78,10,Annual Salary
78,14,Annual Salary
78,32,Annual Salary
78,37,Annual Salary
78,42,Annual Salary
78,44,Annual Salary
78,49,Annual Salary
78,65,Annual Salary
78,75,Annual Salary
78,83,Annual Salary
78,85,Annual Salary
79,1,Annual Salary
79,10,Annual Salary
79,14,Annual Salary
79,49,Annual Salary
79,76,Annual Salary
80,13,Annual Salary
80,40,Annual Salary
80,43,Annual Salary
80,50,Annual Salary
80,53,Annual Salary
80,59,Annual Salary
81,1,Annual Salary
82,43,Annual Salary
82,50,Annual Salary
83,7,Annual Salary
83,8,Annual Salary
83,10,Annual Salary
83,13,Annual Salary
83,15,Annual Salary
83,18,Annual Salary
83,19,Annual Salary
83,22,Annual Salary
83,23,Annual Salary
83,28,Annual Salary
83,29,Annual Salary
83,35,Annual Salary
83,38,Annual Salary
83,47,Annual Salary
83,50,Annual Salary
83,52,Annual Salary
83,53,Annual Salary
83,56,Annual Salary
83,59,Annual Salary
83,63,Annual Salary
83,68,Annual Salary
83,69,Annual Salary
83,73,Annual Salary
83,78,Annual Salary
84,43,Annual Salary
84,50,Annual Salary
85,1,Annual Salary
85,11,Annual Salary
85,12,Annual Salary
85,13,Annual Salary
85,15,Annual Salary
85,19,Annual Salary
85,29,Annual Salary
85,31,Annual Salary
85,43,Annual Salary
85,50,Annual Salary
85,53,Annual Salary
85,59,Annual Salary
85,68,Annual Salary
85,78,Annual Salary
